ARTISTS,ALBUM TITLE,SCORE,GENDER
Miley Cyrus,Miley Cyrus and Her Dead Petz,1,F
Lana Del Rey,Ultraviolence,2,F
Uffie,Sex Dreams and Denim Jeans,2,F
Willow Smith,Ardipithecus,3,F
Charli XCX,True Romance,3,F
Lana Del Rey,Born to Die,3,F
Anika,Anika,3,F
Soap&Skin,From Gas to Solid / You Are My Friend,4,F
Princess Nokia,A Girl Cried Red,4,F
Kacey Musgraves,Golden Hour,4,F
Taylor Swift,Reputation,4,F
M.I.A.,A.I.M.,4,F
Rihanna,ANTI,4,F
SZA,Z,4,F
Sky Ferreira,"Night Time, My Time",4,F
Macintosh Plus,Floral Shoppe,4,F
Jessie Ware,Devotion,4,F
Feist,Metals,4,F
Grimes,Miss Anthropocene,4,F
Waxahatchee,Saint Cloud,4,F
Nicki Minaj,Queen,5,F
Tune-Yards,I Can Feel You Creep Into My Private Life,5,F
Laura Marling,Semper Fermina,5,F
Little Simz,Stillness In Wonderland,5,F
Banks,The Altar,5,F
Bat For Lashes,The Bride,5,F
Lana Del Rey,Honeymoon,5,F
Torres,Sprinter,5,F
Courtney Barnett,"Sometimes I Sit and Think, and Sometimes I Just Sit",5,F
Azealia Banks,Broke With Expensive Taste,5,F
Banks,Goddess,5,F
Angel Olsen,Burn Your Fire For No Witness,5,F
Grimes,Visions,5,F
MIA,Maya (/\/\ /\ Y /\),5,F
Megan Thee Stallion,Suga,5,F
070 Shake,Modus Vivendi,5,F
U.S. Girls,Heavy Light,5,F
Mitski,Be The Cowboy,6,F
Teyena Taylor,K.T.S.E.,6,F
Rico Nasty,Nasty,6,F
Park Jiha,Communion,6,F
Courtney Barnett,Tell Me How You Really Feel,6,F
Cardi B,Invasion of Privacy,6,F
St. Vincent,MASSEDUCATION,6,F
Poppy,Poppy.Computer,6,F
Mykrur,Maredidt,6,F
Zola Jesus,Okovi,6,F
Lana Del Rey,Lust For Life,6,F
Katy Perry,Witness,6,F
Lady Gaga,Joanne,6,F
ANOHNI,Hopelessness,6,F
Lucinda Williams,The Ghosts of Highway 20,6,F
Erykah Badu,But You Caint Use My Phone,6,F
Anna Von Hausswolff,The Miraculous,6,F
Myrkur,M,6,F
Deradoorian,The Expanding Flower Planet,6,F
Holly Herndon,Platform,6,F
Matana Roberts,Coin Coin Chapter 3: River Run Thee,6,F
Sharon Van Etten,Are We There,6,F
Lykke Li,I Never Learn,6,F
Mø,No Mythologies To Follow,6,F
Beyonce,Beyoncé,6,F
Lady Gaga,Artpop,6,F
M.I.A.,ViCKi LEEKX,6,F
Frances Quinlan,Likewise,6,F
Princess Nokia,Everything Is Beautiful,6,F
Poppy,Am I a Girl?,7,F
Marissa Nadler,For My Crimes,7,F
Ariana Grande,Sweetener,7,F
Snail Mail,Lush,7,F
Tierra Whack,Tierra Whack,7,F
NIKI,Zephyr,7,F
Kimbra,Primal Heart,7,F
CupcakKe,Ephorize,7,F
Charli XCX,Pop 2,7,F
Björk,Utopia,7,F
Julien Baker,Turn Out the Lights,7,F
Chelsea Wolfe,Hiss Spun,7,F
Alice Glass,Alice Glass,7,F
Kesha,Rainbow,7,F
Lorde,Melodrama,7,F
SZA,Ctrl,7,F
Jesca Hoop,Memories Are Now,7,F
Olga Bell,Tempo,7,F
PJ Harvey,The Hope Six Demolution Project,7,F
Santigold,99 Cents,7,F
Adele,25,7,F
Grimes,Art Angels,7,F
Carly Rae Jepsen,Emotion,7,F
Laura Marling,Short Movie,7,F
Kyary Pamyu Pamyu,Pikapika Fantajin,7,F
Sia,1000 Forms of Fear,7,F
St. Vincent,St. Vincent,7,F
M.I.A.,Matangi,7,F
Janelle Monáe,The Electric Lady,7,F
Laura Marling,Once I Was An Eagle,7,F
Jenny Hval,Innocence Is Kinky,7,F
Soap&Skin,"Sugarbread 7""",7,F
Grouper,The Man Who Died In His Boat,7,F
Lianne La Havas,Is Your Love Big Enough?,7,F
Angel Olsen,Half Way Home,7,F
Holly Herndon,Movement,7,F
Jessica Pratt,Jessica Pratt,7,F
Bat For Lashes,The Haunted Man,7,F
Chelsea Wolfe,Unknown Rooms: A Collection of Acoustic Songs,7,F
Sharon Van Etten,Tramp,7,F
Kate Bush,50 Words For Snow,7,F
tUnE-yArDs,W H O K I L L,7,F
Sharon Van Etten,Epic,7,F
Noveller,Desert Fires,7,F
Fiona Apple,Fetch the Bolt Cutters,7,F
Kesha,High Road,7,F
Princess Nokia,Everything Sucks,7,F
Dua Lipa,Future Nostalgia,7,F
Rosalía,El mal querer,8,F
Julia Holter,Aviary,8,F
Noname,Room 25,8,F
Haru Nemuri,Haru to Shura,8,F
SOPHIE,Oil of Every Pearl's Un-Insides,8,F
Janelle Monáe,Dirty Computer,8,F
Kali Uchis,Isolation,8,F
Natalia Lafourcade,Musas Vol. 2,8,F
Anna von Hausswolff,Dead Magic,8,F
U.S. Girls,In a Poem Unlimited,8,F
Daymé Arocena,Cubafonía,8,F
Princess Nokia,1992 Deluxe,8,F
Rosalía,Los Ángeles,8,F
Kelela,Take Me Apart,8,F
Rapsody,Laila's Widsom,8,F
Feist,Pleasure,8,F
Solange,A Seat At The Table,8,F
Regina Spektor,Remember Us To Life,8,F
Carly Rae Jepsen,Emotion: Side B,8,F
Noname,Telefone,8,F
Xenia Rubinos,Black Terry Cat,8,F
Marissa Nadler,Strangers,8,F
Beyonce,Lemonade,8,F
Charli XCX,Vroom Vroom,8,F
Sophie,Product,8,F
Joanna Newsom,Divers,8,F
Chelsea Wolfe,Abyss,8,F
Lianne La Havas,Blood,8,F
Björk,Vulnicura,8,F
FKA Twigs,LP1,8,F
tUnE-yArDs,Nikki Nack,8,F
Carla Bozulich,Boy,8,F
White Hinterland,Baby,8,F
Chelsea Wolfe,Pain Is Beauty,8,F
Julia Holter,Loud City Song,8,F
Mariam The Believer,Blood Donation,8,F
Kyary Pamyu Pamyu,Nandacollection,8,F
Soap&Skin,Narrow,8,F
St. Vincent,Strange Mercy,8,F
Chelsea Wolfe,Ἀποκάλυψις (Apocalypse / Apokalypsis),8,F
Matana Roberts,Coin Coin Chapter One: Gens de Couleur Libres,8,F
PJ Harvey,Let England Shake,8,F
Glasser,Ring,8,F
Glasser,Ring,8,F
Laurie Anderson,Homeland,8,F
Janelle Monáe,The ArchAndroid,8,F
Poppy,I Disagree,8,F
Rina Sawayama,Sawayama,8,F
Rina Sawayama,RINA,9,F
Julia Holter,Have You In My Wilderness,9,F
FKA twigs,M3LL155X,9,F
Fiona Apple,The Idler Wheel...,9,F
Laura Marling,Song for Our Daughter,9,F
Kid Cudi,Speedin' Bullet 2 Heaven,0,M
Bladee,Red Light,1,M
Swae Lee,Swaecation,1,M
Sam Hunt,Southside,1,M
XXXTENTACION,Skins,2,M
Jaden Smith,The Sunset Tapes: A Cool Tape Story,2,M
Eminem,Revival,2,M
XXXTentacion,17,2,M
Lil Yachty,Teenage Emotions,2,M
A$AP Ferg,Always Strive and Prosper,2,M
Goldlink,"And After That, We Didn't Talk",2,M
Lil Dicky,Professional Rapper,2,M
PartyNextDoor,Two,2,M
Future,Honest,2,M
John Frusciante,Enclosure,2,M
Blood Orange,Cupid Deluxe,2,M
Kid Cudi,Indicud,2,M
John Frusciante,PBX Funicular Intaglio Zone,2,M
Childish Gambino,Camp,2,M
"Tyler, the Creator",Music Inspired by Illumination & Dr. Seuss' The Grinch,3,M
Russ,Zoo,3,M
Valee,"Good Job, You Found Me",3,M
Mac Miller,Swimming,3,M
Tory Lanez,Memories Don’t Die,3,M
6ix9ine,Day69,3,M
Justin Timberlake,Man of the Woods,3,M
Macklemore,Gemini,3,M
Lil Uzi Vert,Luv is Rage 2,3,M
21 Savage,Issa Album,3,M
Travis Scott,Birds in the Trap Sing McKnight,3,M
Lil Uzi Vert,The Perfect Luv Tape,3,M
Kodak Black,Lil Big Pac,3,M
Yung Lean,Warlord,3,M
Machine Gun Kelly,General Admission,3,M
Hopsin,Pound Syndrome,3,M
Yelawolf,Love Story,3,M
"Tyler, The Creator",Cherry Bomb,3,M
Twin Shadow,Eclipse,3,M
Travi$ Scott,Days Before Rodeo,3,M
Rustie,Green Language,3,M
Lone,Reality Testing,3,M
Chet Faker,Built On Glass,3,M
Pharrell,G I R L,3,M
Hopsin,Knock Madness,3,M
Thundercat,Apocalypse,3,M
Travis Scott,Owl Pharaoh,3,M
Rick Ross,"God Forgives, I Don't",3,M
Curren$y,The Stoned Immaculate,3,M
Marilyn Manson,Born Villain,3,M
Lil Wayne,Tha Carter IV,3,M
The Weeknd,House of Balloons,3,M
Lupe Fiasco,Lasers,3,M
Lil B,Angels Exodus,3,M
6ix9ine,Dummy Boy,4,M
Lil Peep,"Come On Over When You're Sober, Pt.2",4,M
Takeoff,The Last Rocket,4,M
Quavo,Quavo Huncho,4,M
6LACK,East Atlanta Love Letter,4,M
Eminem,Kamikaze,4,M
Jay Rock,Redemption,4,M
Drake,Scorpion,4,M
A$AP Rocky,Testing,4,M
XXXTENTACION,?,4,M
Hopsin,No Shame,4,M
Jaden Smith,SYRE,4,M
Beck,Colors,4,M
King Krule,The OOZ,4,M
Harry Styles,Harry Styles,4,M
Kodak Black,Painting Pictures,4,M
Ed Sheeran,Divide,4,M
Kid Cudi,"Passion, Pain & Demon Slayin'",4,M
Mac Miller,The Divine Feminine,4,M
PartyNextDoor,P3,4,M
Riff Raff,Peach Panther,4,M
Lil Uzi Vert,Lil Uzi Vert vs. The World,4,M
Drake,Views,4,M
Domo Genesis,Genesis,4,M
Zayn,Mind of Mine,4,M
Archy Marshall,A New Place 2 Drown,4,M
G-Eazy,When it's Dark Out,4,M
James Ferraro,Skid Row,4,M
Wavves,V,4,M
Lil Wayne,Free Weezy Album,4,M
Wale,The Album About Nothing,4,M
Heems,Eat Pray Thug,4,M
Panda Bear,Panda Bear Meets the Grim Reaper,4,M
Childish Gambino,STN MTN / Kauai,4,M
Yung Lean,Unknown Memory,4,M
Raury,Indigo Child,4,M
Watsky,All You Can Do,4,M
Beck,Morning Phase,4,M
Jonathan Rado,Law & Order,4,M
Tech N9ne,Something Else,4,M
Toro Y Moi,Anything In Return,4,M
Chief Keef,Finally Rich,4,M
2 Chainz,Based on a T.R.U. Story,4,M
Nas,Life Is Good,4,M
B.o.B.,Strange Clouds,4,M
Willis Earl Beal,Acousmatic Sorcery,4,M
Wale,Ambition,4,M
9th Wonder,The Wonder Years,4,M
"Tyler, The Creator",Goblin,4,M
How To Dress Well,Love Remains,4,M
Xasthur,Portal of Sorrow,4,M
EDEN,no future,4,M
Lil Wayne,Funeral,4,M
DaBaby,Blame It On Baby,4,M
Four Tet,Sixteen Oceans,4,M
Lil Uzi Vert,Eternal Atake,4,M
Childish Gambino,3.15.20,4,M
Meek Mill,Championships,5,M
Action Bronson,White Bronco,5,M
Joji,Ballads 1,5,M
Logic,YSIV,5,M
Young Thug,Slime Language,5,M
Trippie Redd,Life's a Trip,5,M
YG, Stay Dangerous,5,M
Juice WRLD,Goodbye & Good Riddance ,5,M
Wiley,Godfather II,5,M
Slim Jxmmi,Jxmtro,5,M
Daniel Avery,Song For Alpha,5,M
J. Cole,KOD,5,M
The Weeknd,My Dear Melancholy,5,M
Logic,Bobby Tarantino II,5,M
Cyhi the Prince,No Dope on Sundays,5,M
Benjamin Clementine,I Tell a Fly,5,M
Skepta,Vicous,5,M
Gucci Mane,Mr. Davis,5,M
Trippie Redd,A Love Letter To You 2,5,M
Marilyn Manson,Heaven Upside Down,5,M
Kodak Black,Project Baby 2,5,M
Lil B,Black Ken,5,M
Ugly God,The Booty Tape,5,M
Aminé,Good For You,5,M
Young Thug,Beautiful Thugger Girls,5,M
(Sandy) Alex G,Rocket,5,M
Logic,Everybody  ,5,M
Arca,Arca,5,M
GoldLink,At What Cost,5,M
Drake,More Life,5,M
Future,Future ,5,M
Common,Black America Again,5,M
The Weeknd,Starboy,5,M
The Game,1992,5,M
Mick Jenkins,The Healing Component ,5,M
Lil Yachty,Summer Songs 2,5,M
ScHoolboy Q,Blank Face,5,M
Logic,Bobby Tarantino ,5,M
Jon Bellion,The Human Condition,5,M
Vic Mensa,There's Alot Going On,5,M
Flume,Skin,5,M
James Blake,The Colour In Everything,5,M
Tim Hecker,Love Streams,5,M
Young Thug,Slime Season 3,5,M
Bas,Too High To Riot,5,M
Wild Nothing,Life of Pause,5,M
Porches,Pool,5,M
Young Thug,I'm Up,5,M
Lil Ugly Mane,Oblivion Access,5,M
Justin Bieber,Purpose,5,M
Kirk Knight,Late Knight Special,5,M
Raury,All We Need,5,M
Big K.R.I.T.,It's Better This Way,5,M
Fetty Wap,Fetty Wap,5,M
The Weeknd,Beauty Behind the Madness,5,M
Miguel,Wildheart,5,M
Hudson Mohawke,Lantern,5,M
A$AP Rocky,At. Long. Last. A$AP,5,M
Shamir,Ratchet,5,M
Snoop Dogg,Bush,5,M
Young Thug,Barter 6,5,M
Action Bronson,Mr. Wonderful,5,M
Fashawn,The Ecology,5,M
Dan Deacon,Gliss Riffer,5,M
Ghostface Killah,36 Seasons,5,M
SBTRKT,Wonder Where We Land,5,M
Milo,A Toothpaste Suburb,5,M
Michael Cera,True That,5,M
Spooky Black,Leaving,5,M
Porter Robinson,Worlds,5,M
Morrissey,World Peace is None of Your Business,5,M
Ab-Soul,These Days...,5,M
Jack White,Lazaretto,5,M
Ben Frost,A U R O R A,5,M
RiFF RAFF,NEON iCON,5,M
Damon Albarn,Everyday Robots,5,M
Mac Demarco,Salad Days,5,M
Skrillex,Recess,5,M
Childish Gambino,Because The Internet,5,M
Gesaffelstein,Aleph,5,M
Drake,Nothing Was The Same,5,M
The Weeknd,Kiss Land,5,M
Dizzy Wright,The Golden Age,5,M
J. Cole,Born Sinner,5,M
Zomby,With Love,5,M
Kanye West,Yeezus,5,M
Justin Timberlake,The 20/20 Experience,5,M
Steven Wilson,The Raven That Refused To Sing (And Other Stories),5,M
Nosaj Thing,Home,5,M
The Game,Jesus Piece,5,M
P.O.S,We Don't Even Live Here,5,M
Heems,Wild Water Kingdom,5,M
Lupe Fiasco,Food & Liquor 2: The Great American Rap Album Pt. 1,5,M
Mount Eerie,Ocean Roar,5,M
Dan Deacon,America,5,M
Domo Genesis,No Idols,5,M
Twin Shadow,Confess,5,M
Spaceghostpurrp,Mysterious Phonk: The Chronicles of SpvcxxGhxztPvrrp,5,M
Leonard Cohen,Old Ideas,5,M
Schoolboy Q,Habits & Contradictions,5,M
Yelawolf,Radioactive,5,M
Mac Miller,Blue Slide Park,5,M
David Lynch,Crazy Clown Time,5,M
James Blake,Enough Thunder,5,M
Samiyam,Sam Baker's Album,5,M
Panda Bear,Tomboy,5,M
Bibio,Mind Bokeh,5,M
Raekwon,Shaolin vs. Wu-Tang,5,M
Zach Hill,Face Tat,5,M
Avey Tare,Down There,5,M
Neil Young,Le Noise,5,M
Eminem,Music To Be Murdered By,5,M
Jay Electronica,A Written Testimony,5,M
Lil Uzi Vert,LUV vs. the World 2,5,M
Bladee,Exeter,5,M
Igorrr,Spirituality and Distortion,5,M
Don Toliver,Heaven or Hell,5,M
Ski Mask the Slump God,Stokeley,6,M
Metro Boomin,Not All Heroes Wear Capes,6,M
Kurt Vile,Bottle It In,6,M
Sheck Wes,Mudboy,6,M
Tim Hecker,Konoyo,6,M
Lil Wayne,Tha Carter V,6,M
Hozier,Nina Cried Power,6,M
milo,budding ornithologists are weary of tired analogies,6,M
Kamasi Washington,Heaven and Earth,6,M
Nas,Nasir,6,M
Oneohtrix Point Never,Age Of ,6,M
Rich Brian,Amen,6,M
Jeff Rosenstock,Post,6,M
Prurient,Rainbow Mirror,6,M
Yung Lean,Stranger,6,M
Liam Gallagher,As You Were,6,M
Smokepurpp,Deadstar,6,M
Action Bronson,Blue Chips 7000,6,M
A$ap Ferg,Still Striving,6,M
Ski Mask the Slump God,You Will Regret,6,M
Vic Mensa,The Autobiography,6,M
Dizzee Rascal,Raskit,6,M
Vince Staples,Big Fish Theory,6,M
Freddie Gibbs,You Only Live 2wice,6,M
Rick Ross,Rather You Than Me,6,M
Thundercat,Drunk,6,M
Jens Lekman,Life Will See You Now,6,M
Lupe Fiasco,DROGAS Light,6,M
Big Sean,I Decided,6,M
Ty Segall,Ty Segall,6,M
J. Cole,4 Your Eyez Only,6,M
Nicolas Jaar,Sirens,6,M
Isaiah Rashad,The Sun's Tirade,6,M
DJ Khaled,Major Key,6,M
Gucci Mane,Everybody Looking,6,M
Blood Orange,Freetown Sound,6,M
Kaytranada,99.9%,6,M
Ash Koosha,I AKA I,6,M
Baauer,Aa,6,M
Future,EVOL,6,M
Boots,AQUɅRIA,6,M
Arca,Mutant,6,M
Ty Dolla $ign,Free TC,6,M
Logic,The Incredible True Story,6,M
Alex G,Beach Music,6,M
The Game,The Documentary 2,6,M
Kurt Vile,B'lieve I'm Goin Down...,6,M
Jay Rock,90059,6,M
Mick Jenkins,Wave[s],6,M
Lee Scott,Butter Fly,6,M
Future,DS2,6,M
King Los,"God, Money, War",6,M
Vince Staples,Summertime 06,6,M
Thundercat,The Beyond / Where the Giants Roam,6,M
Denzel Curry,32 Zel / Planet Shrooms,6,M
Jim O'Rourke,Simple Songs,6,M
Blanck Mass,Dumb Flesh,6,M
Squarepusher,Damogen Furies,6,M
Shlohmo,Dark Red,6,M
Earl Sweatshirt,"I Don't Like Shit, I Don't Go Outside",6,M
Steven Wilson,Hand. Cannot. Erase.,6,M
Mount Eerie,Sauna,6,M
J. Cole,2014 Forest Hills Drive,6,M
Clark,Clark,6,M
Big K.R.I.T.,Cadillactica,6,M
Arca,Xen,6,M
Panda Bear,Mr. Noah,6,M
Logic,Under Pressure,6,M
Caribou,Our Love,6,M
Thom Yorke,Tomorrow's Modern Boxes,6,M
Aphex Twin,Syro,6,M
The Bug,Angels & Devils,6,M
Zammuto,Anchor,6,M
Ty Segall,Manipulator,6,M
Common,Nobody's Smiling,6,M
How To Dress Well,What Is This Heart?,6,M
Caustic Window,Caustic Window,6,M
ZelooperZ,HELP,6,M
Bones,Garbage,6,M
Blu,Good To Be Home,6,M
Mac Miller,Faces,6,M
Todd Terje,It's Album Time,6,M
Nocando,Jimmy The Burnout,6,M
YG,My Krazy Life,6,M
Tycho,Awake,6,M
Isaiah Rashad,Cilvia Demo,6,M
Lee Bannon,Alternate/Endings,6,M
Pusha T,My Name Is My Name,6,M
Oneohtrix Point Never,R Plus Seven,6,M
Earl Sweatshirt,Doris,6,M
Washed Out,Paracosm,6,M
Jay-Z,Magna Carta... Holy Grail,6,M
Mac Miller,Watching Movies With the Sound Off,6,M
CX KiDTRONiK,KRAK ATTACK 2: THE BALLAD OF ELLI SKIFF,6,M
Baths,Obsidian,6,M
Co La,Moody Coup,6,M
Chance The Rapper,Acid Rap,6,M
R.A. The Rugged Man,Legends Never Die,6,M
Phosphorescent,Muchacho,6,M
"Tyler, The Creator",Wolf,6,M
Wavves,Afraid of Heights,6,M
Bonobo,The North Borders,6,M
Dumbo Gets Mad,Quantum Leap,6,M
Miguel,Kaleidoscope Dream,6,M
Brian Eno,LUX,6,M
Mac DeMarco,2,6,M
Daphni,Jiaolong,6,M
How To Dress Well,Total Loss,6,M
Ariel Pink's Haunted Graffiti,Mature Themes,6,M
Bobby Womack,The Bravest Man In the Universe,6,M
El-P,Cancer for Cure,6,M
Squarepusher,Ufabulum,6,M
Jack White,Blunderbuss,6,M
Moonface,With Siinai: Heartbreaking Bravery,6,M
Lotus Plaza,Spooky Action at a Distance,6,M
Evian Christ,Kings and Them,6,M
Lapalux,When You're Gone,6,M
Gonjasufi,MU.ZZ.LE,6,M
Cass McCombs,Humor Risk,6,M
Nujabes,Spiritual State,6,M
Drake,Take Care,6,M
Atlas Sound,Parallax,6,M
Kuedo,Severant,6,M
J. Cole,Cole World: The Sideline Story,6,M
Active Child,You Are All I See,6,M
Machinedrum,Room(s),6,M
Washed Out,Within and Without,6,M
Bill Callahan,Apocalypse,6,M
Fashawn,Higher Learning Vol. 2,6,M
Toro Y Moi,Underneath the Pine,6,M
John Vanderslice,White Wilderness,6,M
Shad,TSOL,6,M
Tonetta,777 Volume One,6,M
Kanye West,My Beautiful Dark Twisted Fantasy,6,M
Teebs,Ardour,6,M
Kid Cudi,Man on the Moon II: The Legend of Mr. Rager,6,M
Sufjan Stevens,The Age of Adz,6,M
Mono/Poly,Paramatma,6,M
Big Boi,Sir Lucious Left Foot: The Son of Chico Dusty,6,M
Guilty Simpson,OJ Simpson,6,M
Caribou,Swim ,6,M
Jonsi,Go ,6,M
Makaya McCraven,We're New Again,6,M
Thundercat,It Is What It Is,6,M
"Royce da 5'9""",The Allegory,6,M
Kai Whiston,Kai Whiston Bitch,7,M
Trippie Redd,A Love Letter To You 3,7,M
Jeffrey Lewis,Works by Tuli Kupferberg (1923-2010),7,M
Vince Staples,FM!,7,M
Open Mike Eagle,What Happens When I Try To Relax,7,M
Clarence Clarity,Think: Peace,7,M
Lupe Fiasco,DROGAS Wave,7,M
JMSN,Velvet,7,M
Yves Tumor,Safe in the Hands of Love,7,M
George Clinton,Slide,7,M
Iglooghost,Steel Mogu,7,M
Travis Scott,Astroworld,7,M
James Ferraro,Four Pieces for Mirai,7,M
serpentwithfeet,soil,7,M
Father John Misty,God's Favorite Customer,7,M
Mark Kozelek,Mark Kozelek,7,M
Ski Mask the Slump God,Beware the Book of Eli,7,M
Playboi Carti,Die Lit,7,M
Jon Hopkins,Singularity,7,M
Post Malone,beerbongs & bentleys,7,M
John Prine,The Tree of Forgiveness,7,M
Mount Eerie,Now Only,7,M
David Byrne,American Utopia,7,M
Ty Segall,Freedom's Goblin,7,M
Chris Stapleton,From A Room: Volume 2,7,M
Makaya McCraven,Highly Rare,7,M
Lil Pump,Lil Pump,7,M
Daniel Caeser,Freudian,7,M
Nmesh,Pharma,7,M
Corbin,Mourn,7,M
wifisfuneral,Boy Who Cried Wolf,7,M
Milo,Who Told You To Think??!!?!?!?!,7,M
Igorrr,Savage Sinusoid,7,M
Roger Waters,Is This the Life We Really Want?,7,M
Mac DeMarco,This Old Dog,7,M
Colin Stetson,All This I Do For Glory,7,M
Kendrick Lamar,DAMN.,7,M
Your Old Droog,Packs,7,M
Blanck Mass,World Eater,7,M
Jonwayne,Rap Album Two,7,M
William Basinski,A Shadow In Time ,7,M
Ab-Soul,Do What Thou Wilt.,7,M
Childish Gambino,"Awaken, My Love!",7,M
Bruno Mars,24k Magic,7,M
D.R.A.M.,Big Baby D.R.A.M.,7,M
Vince Staples,Prima Donna,7,M
Young Thug,Jefferey,7,M
Bones,PaidProgramming2,7,M
Kemba,Negus,7,M
Apathy,Handshakes With Snakes,7,M
Clams Casino,32 Levels,7,M
Joey Purps,iiiDrops,7,M
Chance The Rapper,Coloring Book,7,M
Skepta,Konnichiwa,7,M
Deakin,Sleep Cycle,7,M
Kano,Made In the Manor,7,M
Lil Yachty,Lil Boat,7,M
Iggy Pop,Post-Pop Depression,7,M
Mr. Yote,The Terrible Tales of Scurvy Jones,7,M
Bones,Useless,7,M
Benjamin Clementine,At Least For Now,7,M
Pusha T,King Push – Darkest Before Dawn: The Prelude,7,M
Christian Scott aTunde Adjuah,Stretch Music,7,M
Wiki,Lil Me,7,M
Waka Flocka Flame,Flockaveli 1.5,7,M
Freddie Gibbs,Shadow of a Doubt,7,M
Car Seat Headrest,Teens of Style,7,M
Uncommon Nasa,Halfway,7,M
Mac Miller,GO:OD AM,7,M
Dr. Dre,Compton,7,M
Mac DeMarco,Another One,7,M
Quelle Chris,Innocent Country,7,M
RP Boo,"Fingers, Bank Pads & Shoeprints",7,M
Meek Mill,Dreams Worth More Than Money,7,M
Jamie xx,In Colour,7,M
Paul de Jong,IF,7,M
Toro Y Moi,What For?,7,M
Billy Woods,"Today, I Wrote Nothing",7,M
Sufjan Stevens,Carrie & Lowell,7,M
John Carpenter,Lost Themes,7,M
Lupe Fiasco,Tetsuo & Youth,7,M
OG Maco,OG Maco,7,M
A$AP Ferg,Ferg Forever,7,M
Andy Stott,Faith In Strangers,7,M
Mr. Oizo,The Church,7,M
Vince Staples,Hell Can Wait,7,M
Sir Michael Rocks,Banco,7,M
Otis Brown III,The Thought of You,7,M
Weird Al Yankovic,Mandatory Fun,7,M
Deadmau5,While (1 Is Less Than 2),7,M
Owen Pallett,In Conflict,7,M
Lil Herb,Welcome To Fazoland,7,M
Tony Molina,Dissed and Dismissed,7,M
Evian Christ,Waterfall,7,M
Schoolboy Q,Oxymoron,7,M
Nils Frahm,Spaces,7,M
Quelle Chris,Ghost At The Finish Line,7,M
Moonface,Julia With Blue Jeans On,7,M
Eminem,The Marshall Mathers LP 2,7,M
Four Tet,Beautiful Rewind,7,M
Shad,Flying Colours,7,M
Danny Brown,Old,7,M
Machinedrum,Vapor City,7,M
Denzel Curry,Nostalgic 64,7,M
King Krule,6 Feet Beneath The Moon,7,M
A$AP Ferg,Trap Lord,7,M
James Holden,The Inheritors,7,M
Billy Woods,Dour Candy,7,M
Joey Bada$$,Summer Knights,7,M
Mr. Muthafuckin' eXquire,Kismet,7,M
Bibio,Silver Wilkinson,7,M
Quasimoto,Yessir Whatever,7,M
Colin Stetson,New History Warfare Vol. 3: To See More Light,7,M
Big K.R.I.T.,King Remembered In Time,7,M
James Blake,Overgrown,7,M
Lapalux,Nostalchic,7,M
The Game,The Next Day,7,M
A$AP Rocky,Long.Live.A$AP,7,M
Scott Walker,Bish Bosch,7,M
Captain Murphy,Duality,7,M
Vessel,Order of Noise,7,M
Andy Stott,Luxury Problems,7,M
Blu & Exile,Give Me My Flowers While I Can Still Smell Them,7,M
The Mountain Goats,Transcendental Youth,7,M
Flying Lotus,Until the Quiet Comes,7,M
Jens Lekman,I Know What Love Isn't,7,M
Four Tet,Pink,7,M
Eprom,Metahuman,7,M
R. Stevie Moore,Lo Fi Hi Fives,7,M
Gnaw Their Tongues,Eschatological Scatology,7,M
Aesop Rock,Skelethon,7,M
Frank Ocean,Channel Orange,7,M
H-SIK,Cocody,7,M
Open Mike Eagle,4NML HSPTL,7,M
Joey Bada$$,1999,7,M
Clams Casino,Instrumentals 2,7,M
Big K.R.I.T.,Live From the Underground,7,M
Mount Eerie,Clear Moon,7,M
Dr. John,Locked Down,7,M
Kindness,"World, You Need a Change of Mind",7,M
Shlohmo,Vacation,7,M
Zammuto,Idiom Wind,7,M
Jacaszek,Glimmer,7,M
King Krule,King Krule,7,M
The Field,Looping State of Mind,7,M
Tom Waits,Bad As Me,7,M
Rustie,Glass Swords,7,M
Shlohmo,Bad Vibes,7,M
Apathy,Honkey Kong,7,M
Hudson Mohawke,Satin Panthers,7,M
Coma Cinema,Blue Suicide,7,M
Amon Tobin,ISAM,7,M
Siriusmo,Mosaik,7,M
James Blake,James Blake,7,M
A-1,After School Special,7,M
Skrillex,Scary Monsters and Nice Sprites,7,M
"Tyler, The Creator",Bastard,7,M
Cee Lo Green,The Lady Killer,7,M
Gold Panda,Lucky Shiner,7,M
Matthew Dear,Black City,7,M
The Gaslamp Killer,Death Gate,7,M
Teen Daze,Four More Years,7,M
Wild Nothing,Gemini,7,M
Here We Go Magic,Pigeons,7,M
Tobacco,Maniac Meat,7,M
Caribou,Suddenly,7,M
Bad Bunny,YHLQMDLG,7,M
gupi,None,7,M
Yves Tumor,Heaven To A Tortured Mind,7,M
Squarepusher,Be Up a Hello,7,M
Earl Sweatshirt,Some Rap Songs,8,M
J.I.D,DiCaprio 2,8,M
Anderson .Paak,Oxnard,8,M
Aphex Twin,Collaspe,8,M
Blood Orange,Negro Swan,8,M
Hermit and the Recluse,Orpheus vs. the Sirens,8,M
Louis Cole,Time,8,M
Iglooghost,Clear Tamei,8,M
Denzel Curry,TA13OO,8,M
Kanye West,ye,8,M
Pusha T,Daytona,8,M
Frank Ocean,Endless,8,M
Andrew W.K.,You’re Not Alone,8,M
Car Seat Headrest,Twin Fantasy (Face to Face),8,M
JPEGMAFIA,Veteran,8,M
Uncommon Nasa,Written at Night,8,M
Iglooghost,Neō Wax Bloom,8,M
Open Mike Eagle,Brick Body Kids Still Daydream,8,M
Ariel Pink,Dedicated to Bobby Jameson,8,M
Alex Cameron,Forced Witness,8,M
Richard Dawson,Peasant,8,M
"Tyler, the Creator",Flower Boy,8,M
Billy Woods,Known Unknowns,8,M
Jay-Z,4:44,8,M
The Mountain Goats,Goths,8,M
Kirin J Callinan,Bravado,8,M
Sinjin Hawke,First Opus,8,M
Forest Swords,Compassion,8,M
Perfume Genius,No Shape,8,M
Joey Bada$$,All Amerikkkan Bada$$,8,M
Quelle Chris,"Being You Is Great, I Wish I Could Be You More Often",8,M
Sampha,Process,8,M
Wiley,Godfather,8,M
Conor Oberst,Ruminations,8,M
Jeff Rosenstock,Worry,8,M
Ka,Honor Killed the Samurai,8,M
Frank Ocean,Blonde/Endless,8,M
YG,Still Brazy,8,M
Car Seat Headrest,Teens of Denial,8,M
Aesop Rock,The Impossible Kid,8,M
Sturgill Simpson,A Sailor's Guide To Earth,8,M
Denzel Curry,Imperial,8,M
Kendrick Lamar,untitled unmastered,8,M
Kanye West,The Life of Pablo,8,M
Ty Segall,Emotional Mugger,8,M
Iglooghost,Chinese Nü Yr,8,M
The Game,The Documentary 2.5,8,M
milo,So the Flies Don't Come,8,M
Travis Scott,Rodeo,8,M
Lil Ugly Mane,Third Side of Tape,8,M
Ash Koosha,GUUD,8,M
Prurient,Frozen Niagara Falls,8,M
The Mountain Goats,Beat The Champ,8,M
Clarence Clarity,No Now,8,M
Jeff Rosenstock,We Cool?,8,M
Drake,"If You're Reading This, It's Too Late",8,M
Your Old Droog,Kinison,8,M
Father John Misty,"I Love You, Honeybear",8,M
Open Mike Eagle,A Special Episode Of,8,M
Joey Bada$$,B4.DA.$$,8,M
Dean Blunt,Black Metal,8,M
Flying Lotus,You're Dead,8,M
Perfume Genius,Too Bright,8,M
Uncommon Nasa,New York Telephone,8,M
Mick Jenkins,The Water[s],8,M
Neil Cicierega,Mouth Sounds / Mouth Silence,8,M
Apathy,Connecticut Casual,8,M
Open Mike Eagle,Dark Comedy,8,M
Tobacco,Ultima II Massage,8,M
Actress,Ghettoville,8,M
Daniel Avery,Drone Logic,8,M
Bill Callahan,Dream River,8,M
YC The Cynic,GNK,8,M
Ka,The Night's Gambit,8,M
Jon Hopkins,Immunity,8,M
The Haxan Cloak,Excavation,8,M
Kurt Vile,Wakin On A Pretty Daze,8,M
Shlohmo,Laid Out,8,M
Cakes Da Killa,The Eulogy,8,M
Milo,Things That Happen At Day / Things That Happen At Night,8,M
Karriem Riggins,Alone Together,8,M
The Gaslamp Killer,Breakthrough,8,M
Matthew Dear,Beams,8,M
Wild Nothing,Nocturne,8,M
Recondite,On Acid,8,M
Killer Mike,R.A.P. Music,8,M
Ab-Soul,Control System,8,M
Lone,Galaxy Garden,8,M
Billy Woods,History Will Absolve me,8,M
Daniel Rossen,Silent Hour / Golden Mile,8,M
Big K.R.I.T.,4evaNaDay,8,M
John Talabot,fin,8,M
Heems,Nehru Jackets,8,M
The Weeknd,Echoes of Silence,8,M
Oneohtrix Point Never,Replica,8,M
ASAP Rocky,LiveLoveA$AP,8,M
Milo,I Wish My Brother Rob Was Here,8,M
Thundercat,The Golden Age of Apocalypse,8,M
Giles Corey,Giles Corey,8,M
Danny Brown,XXX,8,M
Kendrick Lamar,Section.80,8,M
SBTRKT,SBTRKT,8,M
Theophilus London,Lover's Holiday,8,M
Elzhi,Elmatic,8,M
Reks,R.E.K.S.,8,M
Tim Hecker,"Ravedeath, 1972",8,M
The Mountain Goats,All Eternals Deck,8,M
Colin Stetson,New History Warfare Vol. 2: Judges,8,M
Nicolas Jaar,Space Is Only Noise,8,M
Dumbo Gets Mad,Elephants at the Door,8,M
Ghostface Killah,Apollo Kids,8,M
Kids & Explosions,Shit Computer,8,M
Girl Talk,All Day,8,M
Brian Eno,Small Craft On A Milk Sea,8,M
Diamond Rings,Special Affections,8,M
Luke Abbott,Holkham Drones,8,M
Twin Shadow,Forget,8,M
Flying Lotus,Pattern+Grid World,8,M
Sufjan Stevens,All Delighted People,8,M
Baths,Cerulean,8,M
Wavves,King of the Beach,8,M
Ariel Pink's Haunted Graffiti,Before Today,8,M
Flying Lotus,Cosmogramma,8,M
King Krule,Man Alive!,8,M
Nicolas Jaar,Cenizas,8,M
Mac Miller,Circles,8,M
Dan Deacon,Mystic Familiar,8,M
R.A.P. Ferreira,Purple Moonlight Pages,8,M
Jack White,Boarding House Reach,9,M
A.A.L. (Against All Logic),2012 - 2017,9,M
Big K.R.I.T.,4eva Is a Might Long Time,9,M
Father John Misty,Pure Comedy,9,M
Mount Eerie,A Crow Looked At Me,9,M
Neil Cicierega,Mouth Moods,9,M
Danny Brown,Atrocity Exhibition,9,M
David Bowie,★ (Blackstar),9,M
Kamasi Washington,The Epic,9,M
Ariel Pink,Pom Pom,9,M
Tim Hecker,Virgins,9,M
Kendrick Lamar,"good kid, m.A.A.d. city",9,M
Perfume Genius,Put Your Back N 2 It,9,M
Big K.R.I.T.,Returnof4eva,9,M
Gonjasufi,A Sufi and a Killer ,9,M
"Tyler, The Creator",IGOR,9,M
Kendrick Lamar,To Pimp A Butterfly,10,M
Green Day,Father of All Motherfuckers,0,#N/A
Dance Gavin Dance,Instant Gratification,1,#N/A
Lil Yatchy,Nuthin' 2 Prove,2,#N/A
Gas,Narkopop,2,#N/A
Spark Master Tape,Silhouete of a Sunkken City,2,#N/A
VARIOUS ARTISTS,Space Heads,2,#N/A
Foxygen,...And Star Power,2,#N/A
AFI,Burials,2,#N/A
Planningtorock,W,2,#N/A
Salem,King Night,2,#N/A
Shabazz Palaces,Quazarz: Born on a Gangster Star,3,#N/A
Green Day,Revolution Radio,3,#N/A
The Strokes,Future Present Past,3,#N/A
M83,JUNK,3,#N/A
Daughter,Not To Disappear,3,#N/A
Foxing,Dealer,3,#N/A
Twitching Tongues,Disharmony,3,#N/A
Cal Chuchesta,The New CALassic,3,#N/A
Citizen,Everybody Is Going To Heaven,3,#N/A
Portico,Living Fields,3,#N/A
Mellowhype,INSA,3,#N/A
Real Estate,Atlas,3,#N/A
Glitch Mob,Love Death Immortality,3,#N/A
Arctic Monkeys,AM,3,#N/A
Edward Sharpe & The Magnetic Zeros,Edward Sharpe & The Magnetic Zeros,3,#N/A
STRFKR,Miracle Mile,3,#N/A
Tegan and Sara,Heartthrob,3,#N/A
Bad Brains,Into the Future,3,#N/A
Mellowhype,Numbers,3,#N/A
Muse,The 2nd Law,3,#N/A
Slaughterhouse,Welcome to: Our House,3,#N/A
A$AP Mob,Lord$ Never Worry,3,#N/A
Metric,Synthetica,3,#N/A
Best Coast,The Only Place,3,#N/A
WZRD,WZRD,3,#N/A
Lamb of God,Resolution,3,#N/A
Neon Indian,Era Extraña,3,#N/A
Cerebral Ballzy,Cerebral Ballzy,3,#N/A
Beady Eye,"Different Gear, Still Speeding",3,#N/A
jj,Kills,3,#N/A
Sleigh Bells,Treats,3,#N/A
Portugal. The Man,American Ghetto ,3,#N/A
The Knife,"Tomorrow, In a Year Album ",3,#N/A
Sufjan Stevens & Lowell Brams,Aporia,3,#N/A
Interpol,Marauder,4,#N/A
Panopticon,The Scars of Man on the Once Nameless Wilderness ,4,#N/A
The Neighborhood,The Neighborhood,4,#N/A
Tiny Moving Parts,Swell,4,#N/A
Migos,Culture II,4,#N/A
Sam Smith,The Thrill of It All,4,#N/A
Weezer,Pacific Daydream,4,#N/A
A$AP Mob,Cozy Tapes Vol. 2,4,#N/A
Arcade Fire,Everything Now,4,#N/A
Slowdive,Slowdive,4,#N/A
Mastodon,Emperor of Sand,4,#N/A
Korn,The Serenity of Suffering,4,#N/A
Oathbreaker,Rheia,4,#N/A
Crystal Castles,Amnesty (I),4,#N/A
Deftones,Gore,4,#N/A
Explosions in the Sky,The Wilderness,4,#N/A
The 1975,"I Like It When You Sleep, for You Are So Beautiful Yet So Unaware of It",4,#N/A
Majid Jordan,Majid Jordan,4,#N/A
M.E.D. Blu and Madlib,Bad Neighbor,4,#N/A
FIDLAR,Too,4,#N/A
Titus Andronicus,The Most Lamentable Tragedy,4,#N/A
Refused,Freedom!,4,#N/A
Donnie Trumpet & the Social Experiment,Surf,4,#N/A
Twenty One Pilots,Blurryface,4,#N/A
Purity Ring,Another Eternity,4,#N/A
Ratking,700-FILL,4,#N/A
Title Fight,Hyperview,4,#N/A
Various Artists,Shady XV,4,#N/A
Pianos Become The Teeth,Keep You,4,#N/A
Slipknot,.5: The Gray Chapter,4,#N/A
Fallujah,The Flesh Prevails,4,#N/A
Parquet Courts,Sunbathing Animal,4,#N/A
Coldplay,Ghost Stories,4,#N/A
The Roots,...And Then You Shoot Your Cousin,4,#N/A
The Black Keys,Turn Blue,4,#N/A
Pixies,Indie Cindy,4,#N/A
Cults,Static,4,#N/A
The National,Trouble Will Find Me,4,#N/A
Iggy And The Stooges,Ready To Die,4,#N/A
Bring Me The Horizon,Sempiternal,4,#N/A
The Men,New Moon,4,#N/A
Crystal Castles,(III),4,#N/A
The Soft Moon,Zeros,4,#N/A
Between the Buried and Me,The Parallax II: Future Sequence,4,#N/A
The xx,Coexist,4,#N/A
Chromatics,Kill For Love,4,#N/A
Tennis,Young & Old,4,#N/A
The Internet,Purple Naked Ladies,4,#N/A
M83,"Hurry Up, We're Dreaming",4,#N/A
The Cool Kids,When Fish Ride Bicycles,4,#N/A
Cults,Cults,4,#N/A
Manchester Orchestra,Simple Math,4,#N/A
The Antlers,Burst Apart,4,#N/A
The Kills,Blood Pressures,4,#N/A
The Decemberists,The King Is Dead,4,#N/A
White Lies,Ritual,4,#N/A
Kings of Leon,Come Around Sundown,4,#N/A
The Fresh & Onlys,Play It Strange,4,#N/A
Abe Vigoda,Crush,4,#N/A
Black Milk,Album of the Year,4,#N/A
Klaxons,Surfing the Void,4,#N/A
Foals,Total Life Forever,4,#N/A
Broken Social Scene,Forgiveness Rock Record ,4,#N/A
Burzum,Belus ,4,#N/A
Muse,Simulation Theory,5,#N/A
"Future, Juice WRLD",WRLD on Drugs,5,#N/A
88rising,Head in the Clouds,5,#N/A
Busdriver,Electricity is on our Side,5,#N/A
Deafheaven,Ordinary Corrupt Human Love,5,#N/A
The Carters,Everything Is Love,5,#N/A
Artic Monkeys,Tranquillity Based Hotel + Casino,5,#N/A
A Perfect Circle,Eat the Elephant,5,#N/A
Unkown Mortal Orchestra,Sex & Food,5,#N/A
Preoccupations,New Material,5,#N/A
Titus Andronicus,A Productive Cough,5,#N/A
Turnstile,Time & Space,5,#N/A
"Big Sean, Metro Boomin",Double or Nothing,5,#N/A
Liars,TFCF,5,#N/A
Destroyer,ken,5,#N/A
Fever Ray,Plunge,5,#N/A
"Future, Young Thug",Super Slimey,5,#N/A
Godspeed You! Black Emperor,Luciferian Towers,5,#N/A
The War on Drugs,A Deeper Understanding,5,#N/A
"King Gizzard & The Lizard Wizard, Mild High Club",Sketches of Brunswick East,5,#N/A
Shabazz Palaces,Quazarz vs. The Jealous Machines,5,#N/A
Haim,Something to Tell You,5,#N/A
"James McAlister, Sufjan Stevens, Nico Mulhy, Bryce Dessner",Planetarium,5,#N/A
Beach Fossils,Somersault,5,#N/A
alt-J,Relaxer,5,#N/A
Gorillaz,Humanz,5,#N/A
The Smith Street Band,More Scared Than You Than You Are of Me,5,#N/A
Timber Timbre,"Sincerely, Future Pollution",5,#N/A
Real Estate,In Mind,5,#N/A
The Flaming Lips,Oczy Mlody,5,#N/A
Justice,Women,5,#N/A
A$AP Mob,The Cozy Tapes Vol. 1: Friends,5,#N/A
American Football,American Football ,5,#N/A
Bon Iver,"22, A Million ",5,#N/A
of Montreal,Innocence Reaches,5,#N/A
AJJ,The Bible 2,5,#N/A
Descendents,Hypercaffium Spazzinate ,5,#N/A
Red Hot Chilli Peppers,The Getaway,5,#N/A
Animal Collective,Painting With,5,#N/A
Coldplay,A Head Full of Dreams,5,#N/A
The Garden,Haha,5,#N/A
Beach House,Thank Your Lucky Stars,5,#N/A
CHVRCHES,Every Open Eye,5,#N/A
The Wonder Years,No Closer To Heaven,5,#N/A
Foals,What Went Down,5,#N/A
Health,Death Magic,5,#N/A
The Internet,Ego Death,5,#N/A
Desaparecidos,Payola,5,#N/A
mewithoutYOU,Pale Horses,5,#N/A
Muse,Drones,5,#N/A
Hiatus Kaiyote,Choose Your Weapon,5,#N/A
Drenge,Undertow,5,#N/A
Death Cab For Cutie,Kintsugi,5,#N/A
Modest Mouse,Strangers To Ourselves,5,#N/A
Cannibal Ox,Blade of the Ronin,5,#N/A
Negură Bunget,TĂU,5,#N/A
Hail Mary Mallon,Bestiary,5,#N/A
Foo Fighters,Sonic Highways,5,#N/A
The World Is A Beautiful Place...,Between Bodies,5,#N/A
Pharmakon,Bestial Burden,5,#N/A
Royal Blood,Royal Blood,5,#N/A
Electric Wizard,Time To Die,5,#N/A
NehruvianDOOM,NehruvianDOOM,5,#N/A
Opeth,Pale Communion,5,#N/A
Shabazz Palaces,Lese Majesty,5,#N/A
Shlohmo & Jeremih,No More,5,#N/A
Trap Them,Blissfucker,5,#N/A
Trash Talk,No Peace,5,#N/A
Chromeo,White Women,5,#N/A
Andrew Jackson Jihad,Christmas Island,5,#N/A
Avey Tare's Slasher Flicks,Enter The Slasher House,5,#N/A
Migos,No Label II,5,#N/A
Temples,Sun Structures,5,#N/A
Against Me!,Transgender Dysphoria Blues,5,#N/A
Burial,Rival Dealer,5,#N/A
Arcade Fire,Reflektor,5,#N/A
The Underachievers,The Lords of Flatbush,5,#N/A
Dawn of Midi,Dysnomia,5,#N/A
letlive.,The Blackest Beautiful,5,#N/A
Phoenix,Bankrupt!,5,#N/A
Yeah Yeah Yeahs,Mosquito,5,#N/A
Thee Oh Sees,Floating Coffin,5,#N/A
Ghost,Infestissumam,5,#N/A
The Strokes,Comedown Machine,5,#N/A
Nick Cave and The Bad Seeds,Push The Sky Away,5,#N/A
Portal,Vexovoid,5,#N/A
Foals,Holy Fire,5,#N/A
Local Natives,Hummingbird,5,#N/A
Cult of Luna,Vertikal,5,#N/A
Tim Hecker and Daniel Lopatin,Instrumental Tourist,5,#N/A
Goat,World Music,5,#N/A
Ratking,Wiki93,5,#N/A
The Secret,Agnus Dei,5,#N/A
Black Moth Super Rainbow,Cobra Juicy,5,#N/A
Efterklang,Piramida,5,#N/A
The Faceless,Autotheism,5,#N/A
Om,Advaitic Songs,5,#N/A
Kreator,Phantom Antichrist,5,#N/A
Japandroids,Celebration Rock,5,#N/A
Quakers,Quakers,5,#N/A
Black Dice,Mr. Impossible,5,#N/A
The Shins,Port of Morrow,5,#N/A
The Magnetic Fields,Love at the Bottom of the Sea,5,#N/A
Sleigh Bells,Reign of Terror,5,#N/A
A Place To Bury Strangers,Onwards To The Wall,5,#N/A
The Maccabees,Given to the Wild,5,#N/A
Alcest,Les voyages de l'âme,5,#N/A
Justice,"Audio, Video, Disco",5,#N/A
Mastodon,The Hunter,5,#N/A
Opeth,Heritage,5,#N/A
The Drums,Portamento,5,#N/A
Red Hot Chili Peppers,I'm With You,5,#N/A
Kanye West & Jay-Z,Watch the Throne,5,#N/A
Unknown Mortal Orchestra,Unknown Mortal Orchestra,5,#N/A
They Might Be Giants,Join Us,5,#N/A
WU LYF,Go Tell Fire To The Mountain,5,#N/A
Fucked Up,David Comes to Life,5,#N/A
Arctic Monkeys,Suck It and See,5,#N/A
Woods,Sun and Shade,5,#N/A
My Morning Jacket,Circuital,5,#N/A
Jesu,Ascension,5,#N/A
The Lonely Island,Turtleneck and Chain,5,#N/A
Explosions In the Sky,"Take Care, Take Care, Take Care",5,#N/A
Rotten Sound,Cursed,5,#N/A
Yuck,Yuck,5,#N/A
Cut Copy,Zonoscope,5,#N/A
Cage the Elephant,"Thank You, Happy Birthday",5,#N/A
Wire,Red Barked Tree,5,#N/A
Gorillaz,The Fall,5,#N/A
Röyksopp,Senior,5,#N/A
Girls,Broken Dreams Club,5,#N/A
Matt & Kim,Sidewalks,5,#N/A
Shobaleader One (Squarepusher),d'Demonstrator,5,#N/A
Mark Ronson & The Business Intl.,Record Collection,5,#N/A
The Walkmen,Lisbon,5,#N/A
of Montreal,False Priest,5,#N/A
Tera Melos,Patagonian Rats,5,#N/A
Interpol,Interpol,5,#N/A
The Budos Band,The Budos Band III,5,#N/A
Best Coast,Crazy For You,5,#N/A
Club 8,The People's Record,5,#N/A
Melvins,The Bride Screamed Murder,5,#N/A
The Dead Weather,Sea of Cowards,5,#N/A
Darkthrone,Circle the Wagons ,5,#N/A
Iggy and the Stooges,Raw Power  (Legacy Remaster),5,#N/A
Autechre,Oversteps ,5,#N/A
Broken Bells,Broken Bells ,5,#N/A
BTS,Map of the Soul: 7,5,#N/A
Machine Girl,U-Void Synthesizer,5,#N/A
Mark Kozelek with Ben Boye and Jim White,Mark Kozelek with Ben Boye and Jim White 2,5,#N/A
Algiers,There Is No Year,5,#N/A
The 1975,A Brief Inquiry Into Online Relationships,6,#N/A
Sun Kil Moon,This Is My Dinner,6,#N/A
Little Big,Antipositive Part 2 ,6,#N/A
High on Fire,Electric Messiah,6,#N/A
City Morgue,Vol. 1: Hell or High Water,6,#N/A
$uicideBoy$,I Want To Die in New Orleans,6,#N/A
Thou,Magnus,6,#N/A
Oh Sees,Smote Reverser,6,#N/A
Dirty Projectors,Lamp Lit Prose,6,#N/A
Vein,Errorzone,6,#N/A
Gorillaz,The Now Now,6,#N/A
Big Ups,Two Parts Together,6,#N/A
BTS,Tear,6,#N/A
Flatbush Zombies,Vacation in Hell,6,#N/A
PRhyme,PRhyme 2,6,#N/A
Young Fathers,Cocoa Sugar,6,#N/A
SOB x RBE,Gangin,6,#N/A
Ought,Room Inside the World,6,#N/A
Various Artists,Black Panther The Album,6,#N/A
"Travis Scott, Quavo","Huncho Jack, Jack Huncho",6,#N/A
Glassjaw,Material Control,6,#N/A
Armand Hammer,Rome,6,#N/A
The World Is A Beautiful Place & I Am No Longer Afraid To Die,Always Foreign,6,#N/A
The Killers,Wonderful Wonderful,6,#N/A
Wolves in the Throne Room,Thrice Woven,6,#N/A
Foo Fighters,Concrete and Gold,6,#N/A
LCD Soundsystem,American Dream,6,#N/A
Queens of the Stone Age,Villains,6,#N/A
Grizzly Bear,Painted Ruins,6,#N/A
Everything Everything,A Fever Dream,6,#N/A
Nine Inch Nails,Add Violence,6,#N/A
King Gizzard & The Lizard Wizard,Murder of the Universe,6,#N/A
The Underachievers,Renaissance,6,#N/A
Full of Hell,Trumpeting Ecstasy,6,#N/A
Future Islands,The Far Field,6,#N/A
Iron Reagan,Crossover Ministry ,6,#N/A
Bedwetter,Flick Your Tongue Against Your Teeth and Describe the Present,6,#N/A
The xx,I See You,6,#N/A
The Wytches,All Your Happy Life,6,#N/A
Czarface,a Fistful of Peril ,6,#N/A
Metallica,Hard Wired...To Self Destruct ,6,#N/A
Wilco,Schmilco,6,#N/A
Glass Animals,How To Be a Human Being,6,#N/A
Rae Sremmurd,SremmLife2,6,#N/A
2 8 1 4,Rain Temple ,6,#N/A
PUP,The Dream is Over,6,#N/A
Kvelertak,Nattesferd,6,#N/A
Babymetal,Metal Resistance,6,#N/A
Babyfather,BBF,6,#N/A
Flatbush Zombies,3001: A Laced Odysses ,6,#N/A
Macklemore & Ryan Lewis,This Unruly Mess I've Made,6,#N/A
DIIV,Is The Is Are,6,#N/A
Bloc Party,Hymns,6,#N/A
Savages,Adore Life,6,#N/A
Jesu / Sun Kil Moon,Jesu / Sun Kil Moon,6,#N/A
Hinds,Leave Me Alone,6,#N/A
Cage the Elephant,Tell Me I'm Pretty,6,#N/A
Cavanaugh,Time & Materials,6,#N/A
Sunn o))),Kannon,6,#N/A
Busdriver,Thumbs,6,#N/A
Deerhunter,Fading Frontier,6,#N/A
New Order,Music Complete,6,#N/A
Disclosure,Caracal,6,#N/A
Black Breath,Slaves Beyond Death,6,#N/A
Deafheaven,New Bermuda,6,#N/A
The Front Bottoms,Back On Top,6,#N/A
Drake & Future,What A Time To Be Alive,6,#N/A
Battles,La Di Da Di,6,#N/A
The Libertines,Anthems For Doomed Youth,6,#N/A
Iron Maiden,The Book of Souls,6,#N/A
Krallice,Ygg Huur,6,#N/A
Beach House,Depression Cherry,6,#N/A
Grave Babies,Holographic Violence,6,#N/A
Wilco,Star Wars,6,#N/A
Sun Kil Moon,Universal Themes,6,#N/A
Thee Oh Sees,Mutilator Defeated At Last,6,#N/A
Hot Chip,Why Make Sense?,6,#N/A
Dr. Yen Lo,Days With Dr. Yen Lo,6,#N/A
Faith No More,Sol Invictus,6,#N/A
The Tallest Man On Earth,Dark Bird Is Home,6,#N/A
Marching Church,This World Is Not Enough,6,#N/A
Godspeed You! Black Emperor,"Asunder, Sweet and Other Distress",6,#N/A
of Montreal,Aureate Gloom,6,#N/A
Pile,You're Better Than This,6,#N/A
Screaming Females,Rose Mountain,6,#N/A
BADBADNOTGOOD & Ghostface Killah,Sour Soul,6,#N/A
Pond,"Man, It Feels Like Space Again",6,#N/A
Xibalba,Tierra Y Libertad,6,#N/A
Belle and Sebastian,Girls In Peacetime Want To Dance,6,#N/A
Wu-Tang Clan,A Better Tomorrow,6,#N/A
TVOTR,Seeds,6,#N/A
Pink Floyd,The Endless River,6,#N/A
iamamiwhoami,Blue,6,#N/A
Kayo Dot,Coffins On Io,6,#N/A
Black Milk,If There's A Hell Below,6,#N/A
Scott Walker   Sunn o))),Soused,6,#N/A
Shellac,Dude Incredible,6,#N/A
Interpol,El Pintor,6,#N/A
Earth,Primitive and Deadly,6,#N/A
Death From Above 1979,The Physical World,6,#N/A
Blonde Redhead,Barragán,6,#N/A
Code Orange,I Am King,6,#N/A
Pallbearer,Foundations of Burden,6,#N/A
Joyce Manor,Never Hungover Again,6,#N/A
Wreck and Reference,Want,6,#N/A
Eyehategod,Eyehategod,6,#N/A
Little Dragon,Nabuma Rubberband,6,#N/A
Sleaford Mods,Divide & Exit,6,#N/A
Lord Mantis,Death Mask,6,#N/A
The Hotelier,"Home, Like NoPlace Is There",6,#N/A
Cloud Nothings,Here And Nowhere Else,6,#N/A
Sunn O))) & Ulver,Terrestrials,6,#N/A
Young Fathers,Dead,6,#N/A
Mogwai,Rave Tapes,6,#N/A
Arabrot,Arabrot,6,#N/A
Death Grips,Government Plates,6,#N/A
Action Bronson & Party Supplies,Blue Chips 2,6,#N/A
Sisu,Blood Tears,6,#N/A
Toxic Holocaust,Chemistry of Consciousness,6,#N/A
Oranssi Pazuzu,Valonielu,6,#N/A
MGMT,MGMT,6,#N/A
Crystal Stilts,Nature Noir,6,#N/A
Factory Floor,Factory Floor,6,#N/A
Nine Inch Nails,Hesitation Marks,6,#N/A
Holograms,Forever,6,#N/A
No Age,An Object,6,#N/A
Dead In The Dirt,The Blind Hole,6,#N/A
Fuck Buttons,Slow Focus,6,#N/A
Autopsy,The Headless Ritual,6,#N/A
Locrian,Return to Annihilation,6,#N/A
Boards of Canada,Tomorrow's Harvest,6,#N/A
Classixx,Hanging Gardens,6,#N/A
Anamanaguchi,Endless Fantasy,6,#N/A
Little Women,Lung,6,#N/A
Deerhunter,Monomania,6,#N/A
The Flaming Lips,The Terror,6,#N/A
Rhye,Woman,6,#N/A
Czarface,Czarface,6,#N/A
Darkthrone,The Underground Resistance,6,#N/A
Veronica Falls,Waiting For Something To Happen,6,#N/A
Tomahawk,Oddfellows,6,#N/A
California X,California X,6,#N/A
Circles Takes the Square,Decompositions: Volume Number One,6,#N/A
Dragged Into Sunlight,Widowmaker,6,#N/A
Wu-Block,Wu-Block,6,#N/A
Code Orange Kids,Love Is Love // Return To Dust,6,#N/A
Deftones,Koi No Yokan,6,#N/A
Titus Andronicus,Local Business,6,#N/A
Hoax,3rd,6,#N/A
Pig Destroyer,Book Burner,6,#N/A
3:33,In the Middle of Infinity,6,#N/A
METZ,METZ,6,#N/A
Mumford & Sons,Babel,6,#N/A
Grizzly Bear,Shields,6,#N/A
Animal Collective,Centipede Hz,6,#N/A
Holy Other,Held,6,#N/A
JJ DOOM,Key to the Kuffs,6,#N/A
Niki and the Dove,Instinct,6,#N/A
Passion Pit,Gossamer,6,#N/A
Guardian Alien,See the World Given to a One Love Entity,6,#N/A
Purity Ring,Shrines,6,#N/A
Mission of Burma,Unsound,6,#N/A
Dirty Projectors,Swing Lo Magellan,6,#N/A
Rush,Clockwork Angels,6,#N/A
Old Man Gloom,NO,6,#N/A
The Smashing Pumpkins,Oceania,6,#N/A
mewithoutYou,Ten Stories,6,#N/A
Dweller On the Threshold,Dweller On the Threshold,6,#N/A
Battles,Dross Glop,6,#N/A
Meshuggah,Koloss,6,#N/A
Earth,"Angels of Darkness, Demons of Light II",6,#N/A
Charlie Haden & Hank Jones,Come Sunday,6,#N/A
Guided by Voices,Let's Go Eat the Factory,6,#N/A
The Black Keys,El Camino,6,#N/A
Red Horse,Red Horse,6,#N/A
The Spits,The Spits,6,#N/A
Crystal Stilts,Radiant Door,6,#N/A
Pianos Become the Teeth,The Lack Long After,6,#N/A
My Brightest Diamond,All Things Will Unwind,6,#N/A
Lou Reed and Metallica,Lulu,6,#N/A
Das Racist,Relax,6,#N/A
Wolves In the Throne Room,Celestial Lineage,6,#N/A
The Men,Leave Home,6,#N/A
Hella,Tripper,6,#N/A
The War On Drugs,Slave Ambient,6,#N/A
Beirut,The Rip Tide,6,#N/A
MellowHype,BlackenedWhite,6,#N/A
Portugal. The Man,In the Mountain In the Cloud,6,#N/A
Bon Iver,Bon Iver,6,#N/A
Bad Meets Evil,Hell: The Sequel,6,#N/A
Boris,Heavy Rocks / Attention Please,6,#N/A
This Will Destroy You,Tunnel Blanket,6,#N/A
Foo Fighters,Wasting Light,6,#N/A
TV on the Radio,Nine Types of Light,6,#N/A
The Vaccines,What Did You Expect From the Vaccines?,6,#N/A
Burzum,Fallen,6,#N/A
Radiohead,The King of Limbs,6,#N/A
Vreid,V,6,#N/A
Das Racist,"Shut Up, Dude / Sit Down, Man",6,#N/A
Electric Wizard,Black Masses,6,#N/A
Warpaint,The Fool,6,#N/A
Belle and Sebastian,Belle and Sebastian Write About Love,6,#N/A
No Age,Everything In Between,6,#N/A
Swans,My Father Will Guide Me Up a Rope to the Sky,6,#N/A
Black Mountain,Wilderness Heart,6,#N/A
Watain,Lawless Darkness,6,#N/A
Matmos and So Percussion,Treasure State,6,#N/A
Iron Maiden,The Final Frontier,6,#N/A
Autolux,Transit Transit,6,#N/A
Wolf Parade,Expo 86,6,#N/A
Emeralds,Does It Look Like I'm Here?,6,#N/A
Devo,Something For Everybody,6,#N/A
Villagers,Becoming A Jackal,6,#N/A
Tame Impala,Innerspeaker,6,#N/A
The National,High Violet,6,#N/A
Happy Birthday,Happy Birthday,6,#N/A
The Morning Benders,Big Echo ,6,#N/A
Liars,Sisterworld ,6,#N/A
The Garden,Kiss My Super Bowl Ring,6,#N/A
Loathe,I Let It in and It Took Everything,6,#N/A
Tame Impala,The Slow Rush,6,#N/A
"Black Thought, Salaam Remi","Streams of Thought, Vol. 2",7,#N/A
Onxy Collective,Lower East Side Suite Part Three,7,#N/A
"Curren$y, Freddie Gibbs, The Alchemist",Fetti,7,#N/A
Behemoth,I Loved You at Your Darkest,7,#N/A
Brockhampton,iridescense,7,#N/A
Spiritualized,And Nothing Hurt,7,#N/A
Okonolo,Cantos,7,#N/A
Let's Eat Grandma,I'm All Ears,7,#N/A
Melody's Echo Chamber,Bon Voyage,7,#N/A
The Internet,Hive Mind,7,#N/A
Florence   The Machine,High As Hope,7,#N/A
Nine Inch Nails,Bad Witch,7,#N/A
LUMP,LUMP,7,#N/A
Beach House,7,7,#N/A
Ice Age,Beyondless,7,#N/A
Rae Sremmurd,SR3MM,7,#N/A
"Czarface, MF Doom",Czarface Meets Metal Face,7,#N/A
Superorganism,Superorganism,7,#N/A
Keiji Haino   Sumac,American Dollar Bill,7,#N/A
Lil Yatchy,Lil Boat 2,7,#N/A
Tribulation,Down Below,7,#N/A
No Age,Snares Like A Haircut,7,#N/A
First Aid Kit,Ruins,7,#N/A
King Gizzard & The Lizard Wizard,Gumboot Soup,7,#N/A
N.E.R.D.,NO_ONE EVER REALLY DIES,7,#N/A
Ibeyi,Ash,7,#N/A
King Gizzard & The Lizard Wizard,Polygonwanaland,7,#N/A
"21 Savage, Offset, Metro Boomin",Without Warning,7,#N/A
Injury Reserve,Drive It Like It's Stolen,7,#N/A
The National,Sleep Well Beast,7,#N/A
Bicep,Bicep,7,#N/A
Brand New,Science Fiction,7,#N/A
Dead Cross,Dead Cross,7,#N/A
Black Lips,Satan's Graffiti or God's Art?,7,#N/A
Integrity,"Howling, For The Nightmare Shall Consume",7,#N/A
Pissed Jeans,Why Love Now,7,#N/A
Broken Social Scene,Hug of Thunder,7,#N/A
Paramore,After Laughter,7,#N/A
The Magnetic Fields,50 Song Memoir,7,#N/A
Ondatrópica,Baile Bucanero,7,#N/A
Remo Drive,Greatest Hits,7,#N/A
Havok,Comformicide,7,#N/A
Spoon,Hot Thoughts,7,#N/A
Charlie XCX,Number 1 Angel,7,#N/A
Sleaford Mods,English Tapas,7,#N/A
Dirty Projecters,Dirty Projecters,7,#N/A
Power Trip,Nightmare Logic,7,#N/A
Migos,Culture,7,#N/A
Foxygen,Hang,7,#N/A
Yucky Duster,Duster's Lament,7,#N/A
Sleigh Bells,Jessica Rabbit,7,#N/A
Marching Church,Telling It Like It Is,7,#N/A
Wormrot,Voices,7,#N/A
The Dillinger Escape Plan,Dissociation,7,#N/A
NxWorries,Yes Lawd!,7,#N/A
Ghoul,Dungeon Bastards,7,#N/A
BADBADNOTGOOD,IV,7,#N/A
Woods,City Sun Eater in the River of Light,7,#N/A
Deerhoof,The Magic,7,#N/A
The Avalanches,Wildflower,7,#N/A
case/lang/veirs,case/lang/veirs,7,#N/A
clipping.,Wriggle,7,#N/A
Modern Baseball,Holy Ghost,7,#N/A
Parquet Courts,Human Preformance,7,#N/A
Open Mike Eagle & Paul White,Hella Personal Film Festival,7,#N/A
Black Mountain,IV,7,#N/A
The Body and Full of Hell,One Day You Will Ache Like I Ache ,7,#N/A
ORANSSI PAZUZU,Värähtelijä,7,#N/A
Nevemn,Nevemn,7,#N/A
Chairlift,Moth,7,#N/A
Ander .Paak,Malibu,7,#N/A
Meridian Brothers,Los Suicidas,7,#N/A
Krallice,Hyperion,7,#N/A
Beach Slang,The Things We Do To Find People Who Feel Like Us,7,#N/A
King Gizzard & the Lizard Wizard,Paper Mâché Dream Balloon,7,#N/A
Kylesa,Exhausting Fire,7,#N/A
Protomartyr,The Agent Intellect,7,#N/A
Neon Indian,VEGA INTL. Night School,7,#N/A
The World Is A Beautiful Place & I Am No Longer Afraid To Die,Harmlessness,7,#N/A
Loma Prieta,Self Portrait,7,#N/A
Whitey Morgan and the 78's,Sonic Ranch,7,#N/A
Dam-Funk,Invite the Light,7,#N/A
Dope Body,Kunk,7,#N/A
Pissgrave,Suicide Euphoria,7,#N/A
Corpo-Mente,Corpo-Mente,7,#N/A
The Chemical Brothers,Born In the Echoes,7,#N/A
Ratatat,Magnifique,7,#N/A
Tame Impala,Currents,7,#N/A
Florence   The Machine,"How Big, How Blue, How Beautiful",7,#N/A
Peste Noire,La Chaise-Dyable,7,#N/A
Blur,The Magic Whip,7,#N/A
Tribulation,The Children of the Night,7,#N/A
Liturgy,The Ark Work,7,#N/A
Lightning Bolt,Fantasy Empire,7,#N/A
Swain,Heavy Dancing,7,#N/A
THEESatisfaction,EarthEE,7,#N/A
Adventures,Supersonic Home,7,#N/A
Sleater-Kinney,No Cities to Love,7,#N/A
Viet Cong,Viet Cong,7,#N/A
Death Grips,Fashion Week,7,#N/A
I Am Your Destruction,I Am Your Destruction,7,#N/A
Megaton Leviathan,Past 21: Beyond The Arctic Cell,7,#N/A
Sterilizer,Sterilizer,7,#N/A
Deerhoof,La Isla Bonita,7,#N/A
Clockwork Indigo,Clockwork Indigo,7,#N/A
Godflesh,A World Lit Only By Fire,7,#N/A
My Brightest Diamond,This Is My Hand,7,#N/A
Weezer,Everything Will Be Alright In The End,7,#N/A
alt-J,This Is All Yours,7,#N/A
Julian Casablancas   The Voidz,Tyranny,7,#N/A
Antemasque,Antemasque,7,#N/A
The Underachievers,Cellar Door: Terminus Ut Exordium,7,#N/A
Spoon,They Want My Soul,7,#N/A
Lazer/Wulf,The Beast of Left and Right,7,#N/A
A Sunny Day In Glasgow,Sea When Absent,7,#N/A
USA Out of Vietnam,Crashing Diseases and Incurable Airplanes,7,#N/A
Mastodon,Once More 'Round the Sun,7,#N/A
The Soft Pink Truth,Why Do The Heathen Rage?,7,#N/A
Mayhem,Esoteric Warfare,7,#N/A
Vallenfyre,Splinters,7,#N/A
Ibibio Sound Machine,Ibibio Sound Machine,7,#N/A
BADBADNOTGOOD,III,7,#N/A
Ought,More Than Any Other Day,7,#N/A
Pharoahe Monch,P.T.S.D.,7,#N/A
CunninLynguists,Strange Journey Vol. 3,7,#N/A
Sisyphus,Sisyphus,7,#N/A
OFF!,Wasted Years,7,#N/A
Wild Beasts,Present Tense,7,#N/A
Onyx,Wakedafucup,7,#N/A
Future Islands,Singles,7,#N/A
The War On Drugs,Lost In The Dream,7,#N/A
La Dispute,The Rooms of the House,7,#N/A
Xiu Xiu,Angel Guts: Red Classroom,7,#N/A
An Autumn For Crippled Children,Try Not To Destroy Everything You Love,7,#N/A
Calvaiire,Forceps,7,#N/A
Hellfyre Club,Dorner vs. Tookie,7,#N/A
Soupcans,Parasite Brain,7,#N/A
Cara Neir,"Portals To A Better, Dead World",7,#N/A
The Debauchees,Big Machines and Peculiar Beings,7,#N/A
Haunted Horses,Watcher,7,#N/A
Kayo Dot,Hubardo,7,#N/A
Holy Ghost!,Dynamics,7,#N/A
TOAD,Endless Night,7,#N/A
Modern Life Is War,Fever Hunting,7,#N/A
Candy Claws,Ceres & Calypso In The Deep Time,7,#N/A
AlunaGeorge,Body Music,7,#N/A
Lycus,Tempest,7,#N/A
Melt Yourself Down,Melt Yourself Down,7,#N/A
Disclosure,Settle,7,#N/A
The World Is A Beautiful Place And I Am No Longer Afraid To Die,"Whenever, If Ever",7,#N/A
Vampire Weekend,Modern Vampires of the City,7,#N/A
The Uncluded,Hokey Fright,7,#N/A
Makthaverskan,II,7,#N/A
The Black Heart Rebellion,Har Nevo,7,#N/A
The Mary Onettes,Hit The Waves,7,#N/A
KEN mode,Entrench,7,#N/A
Dope Body,Saturday,7,#N/A
Nails,Abandon All Life,7,#N/A
Grave Babies,Crusher,7,#N/A
Atoms For Peace,Amok,7,#N/A
Pissed Jeans,Honeys,7,#N/A
The Underachievers,Indigoism,7,#N/A
Unknown Mortal Orchestra,II,7,#N/A
TTNG (This Town Needs Guns),13.0.0.0.0,7,#N/A
Villagers,{Awayland},7,#N/A
Yo La Tengo,Fade,7,#N/A
Roomful of Teeth,Roomful of Teeth,7,#N/A
Neurosis,Honor Found In Decay,7,#N/A
Macklemore and Ryan Lewis,The Heist,7,#N/A
Dark Time Sunshine,ANX,7,#N/A
Title Fight,Floral Green,7,#N/A
Dinosaur Jr.,I Bet On Sky,7,#N/A
David Byrne & St. Vincent,Love This Giant,7,#N/A
Woods,Bend Beyond,7,#N/A
Bloc Party,Four,7,#N/A
Parquet Courts,Light Up Gold,7,#N/A
Wreck and Reference,No Youth,7,#N/A
Baroness,Yellow and Green,7,#N/A
Hot Chip,In Our Heads,7,#N/A
Liars,WIXIW,7,#N/A
Neil Young & Crazy Horse,Americana,7,#N/A
Sigur Rós,Valtari,7,#N/A
Cerce,Tour Sampler CD-R,7,#N/A
OFF!,OFF!,7,#N/A
The Mars Volta,Noctourniquet,7,#N/A
Unsane,Wreck,7,#N/A
The Men,Open Your Heart,7,#N/A
Pallbearer,Sorrow and Extinction,7,#N/A
Goatwhore,Blood For the Master,7,#N/A
of Montreal,Paralytic Stalks,7,#N/A
Pop. 1280,The Horror,7,#N/A
Chairlift,Something,7,#N/A
First Aid Kit,The Lion's Roar,7,#N/A
The Act of Estimating as Worthless,Amongst These Splintered Minds...,7,#N/A
Comet Gain,Howl of the Lonely Crowd,7,#N/A
Cynic,Carbon-Based Anatomy,7,#N/A
The Strange Boys,Live Music,7,#N/A
Black Milk & Danny Brown,Black & Brown,7,#N/A
Civil Civic,Rules,7,#N/A
Teenage Cool Kids,Denton After Sunset,7,#N/A
Wilco,The Whole Love,7,#N/A
Wild Flag,Wild Flag,7,#N/A
Girls,"Father, Son, Holy Ghost",7,#N/A
Rival Sons,Pressure & Time,7,#N/A
Various Artists,Brand New Wayo,7,#N/A
Touche Amore,Parting the Sea Between Brightness and Me,7,#N/A
The Horrors,Skying,7,#N/A
Ulcerate,The Destroyers of All,7,#N/A
Herman Dune,Strange Moosic,7,#N/A
Blood Ceremony,Living With the Ancients,7,#N/A
Snake Oil,Snake Oil,7,#N/A
Death Cab for Cutie,Codes and Keys,7,#N/A
Master Musicians of Bukkake,Totem 3,7,#N/A
Balkans,Balkans,7,#N/A
Wild Beasts,Smother,7,#N/A
Metronomy,The English Riviera,7,#N/A
Trap Them,Darker Handcraft,7,#N/A
The Strokes,Angles,7,#N/A
Weedeater,Jason...The Dragon,7,#N/A
Earth,"Angels of Darkness, Demons of Light I",7,#N/A
Braids,Native Speaker,7,#N/A
Smith Westerns,Dye It Blonde,7,#N/A
Cake,Showroom of Compassion,7,#N/A
All Pigs Must DIe,All Pigs Must DIe,7,#N/A
Big Blood,Dark Country Magic,7,#N/A
Maserati,Pyramid of the Sun,7,#N/A
Future Islands,In Evening Air,7,#N/A
Grinderman,Grinderman 2,7,#N/A
Weezer,Hurley,7,#N/A
Miami Horror,Illumination,7,#N/A
Thou,Summit,7,#N/A
Various Artists,Cloud Cuckooland,7,#N/A
Suckers,Wild Smile,7,#N/A
Sleepy Sun,Fever,7,#N/A
Harlem,Hippies,7,#N/A
The Black Keys,Brothers,7,#N/A
The New Pornographers,Together,7,#N/A
Holy Fuck,Latin,7,#N/A
Crystal Castles,Crystal Castles,7,#N/A
Titus Andronicus,The Monitor ,7,#N/A
Black Tambourine,Black Tambourine,7,#N/A
Gorillaz,Plastic Beach,7,#N/A
Current 93,The Light Is Leaving Us All,8,#N/A
Polyphia,New Levels New Devils,8,#N/A
twenty one pilots,Trench,8,#N/A
Kero Kero Bonito,Time 'n' Place,8,#N/A
Guerilla Toss,Twisted Crystal,8,#N/A
Armand Hammer,Paraffin,8,#N/A
HMLTD,Hate Music Last Time Delete,8,#N/A
Imperial Triumphant,Vile Luxury,8,#N/A
Zeal & Ardor,Stranger Fruit,8,#N/A
Tropical Fuckstorm,A Laughing Death in Meatspace,8,#N/A
"Black Thought, 9th Wonder","Streams of Thought, Vol. 1",8,#N/A
Ghost,Prequelle,8,#N/A
Sleep,The Sciences,8,#N/A
Hop Along,8,8,#N/A
Sons of Kemet,Your Queen is a Reptile,8,#N/A
"Jean Grae, Quelle Chris",Everything's Fine ,8,#N/A
The Voidz,Virtue,8,#N/A
Judas Priest,Firepower,8,#N/A
Screaming Females,All at Once,8,#N/A
MGMT,Little Dark Age,8,#N/A
Brockhampton,Saturation III,8,#N/A
Sharon Jones & The Dap-Kings,Soul of a Woman,8,#N/A
Converge,The Dusk in Us,8,#N/A
Primitive Man,Caustic,8,#N/A
Protomartyr,Relatives in Descent,8,#N/A
"Young Thug, Carnage",Young Martha,8,#N/A
Alvvays,Antisocialites,8,#N/A
Death From Above,Outrage! Is Now,8,#N/A
Oh Sees,Orc,8,#N/A
Brockhampton,Saturation II,8,#N/A
Oxbow,Thin Black Duke,8,#N/A
Dying Fetus,Wrong One to Fuck With,8,#N/A
Guerilla Toss,GT Ultra,8,#N/A
Algiers,The Underside of Power,8,#N/A
Fleet Foxes,Crack Up,8,#N/A
Elder,Reflections of a Floating World,8,#N/A
Ibibio Sound Machine,Uyai,8,#N/A
Pallbearer,Heartless,8,#N/A
Idles,Brutalism,8,#N/A
Xiu Xiu,Forget,8,#N/A
King Gizzard & The Lizard Wizard,Flying Microtonal Banana,8,#N/A
Code Orange,Forever,8,#N/A
Nine Inch Nails,Not The Actual Events,8,#N/A
Run the Jewels,RTJ3,8,#N/A
Injury Reserve,Floss,8,#N/A
Kero Kero Bonito,Bonito Generation,8,#N/A
Swain,The Long Dark Blue,8,#N/A
Crying,Beyond the Fleeting Gate,8,#N/A
Neurosis,Flames Within Flames,8,#N/A
Preoccupations,Preoccupations,8,#N/A
Touché Amoré,Stage Four,8,#N/A
Street Sects,End Position,8,#N/A
Nick Cave & The Bad Seeds,Skeleton Tree,8,#N/A
clipping.,Splendor & Misery ,8,#N/A
Angel Olson,My Woman,8,#N/A
Thee Oh Sees,A Wierd Exits,8,#N/A
Show Me The Body,Body War,8,#N/A
The I.L.Y's,Scum With Bounderies,8,#N/A
Nails,You Will Never Be One of Us,8,#N/A
Moonsorrow,Jumalten Aika,8,#N/A
Gorguts,Pleaides',8,#N/A
Vektor,Terminal Redux,8,#N/A
Radiohead, A Moon Shaped Pool,8,#N/A
King Gizzard & The Lizard Wizard,Nonagon Infinity,8,#N/A
Weezer,Weezer (The White Album),8,#N/A
Various Artists,Southern Family,8,#N/A
The Drones,Feelin' Kinda Free,8,#N/A
Lemon Demon,Spirit Phone,8,#N/A
Big Ups,Before A Million Universes,8,#N/A
Matmos,Ultimate Care II,8,#N/A
Massive Attack,Ritual Spirit,8,#N/A
Baroness,Purple,8,#N/A
Panopticon,Autumn Eternal,8,#N/A
Ought,Sun Coming Down,8,#N/A
The Underachievers,Evermore: The Art of Duality,8,#N/A
Destroyer,Poison Season,8,#N/A
Cattle Decapitation,The Anthropocene Extinction,8,#N/A
Sleaford Mods,Key Markets,8,#N/A
Injury Reserve,Live From the Dentist Office,8,#N/A
Everything Everything,Get to Heaven,8,#N/A
Czarface,Every Hero Needs A Villain,8,#N/A
KEN mode,Success,8,#N/A
High On Fire,Luminiferous,8,#N/A
Algiers,Algiers,8,#N/A
Unknown Mortal Orchestra,Multi-Love,8,#N/A
Hop Along,Painted Shut,8,#N/A
Colin Stetson and Sarah Neufeld,Never Were the Way She Was,8,#N/A
Alabama Shakes,Sound & Color,8,#N/A
Young Fathers,White Men Are Black Men Too,8,#N/A
Leviathan,Scar Sighted,8,#N/A
Zs,Xe,8,#N/A
Napalm Death,Apex Predator -- Easy Meat,8,#N/A
D'Angelo and The Vanguard,Black Messiah,8,#N/A
Full of Hell,Full of Hell & Merzbow,8,#N/A
The Wytches,Annabel Dream Reader,8,#N/A
Wildbirds & Peacedrums,Rhythm,8,#N/A
Botanist,VI: Flora,8,#N/A
Run the Jewels,Run the Jewels 2,8,#N/A
Dope Body,Lifer,8,#N/A
Busdriver,Perfect Hair,8,#N/A
La Roux,Trouble In Paradise,8,#N/A
Panopticon,Roads To The North,8,#N/A
Wolves In the Throne Room,Celestite,8,#N/A
Pearls Negras,Biggie Apple,8,#N/A
Thantifaxath,Sacred White Noise,8,#N/A
IDYLLS,PRAYER FOR TERRENE,8,#N/A
Girl Talk & Freeway,Broken Ankles,8,#N/A
Ratking,So It Goes,8,#N/A
Timber Timbre,Hot Dreams,8,#N/A
Liars,Mess,8,#N/A
Big Ups,Eighteen Hours of Static,8,#N/A
White Suns,Totem,8,#N/A
Artificial Brain,Labyrinth Constellation,8,#N/A
Step Brothers,Lord Steppington,8,#N/A
Have A Nice Life,The Unnatural World,8,#N/A
Indian,From All Purity,8,#N/A
Silver Mount Zion,Fuck Off Get Free We Pour Light On Everything,8,#N/A
Murmur,Murmur,8,#N/A
Xiu Xiu,Nina,8,#N/A
Future Of The Left,How To Stop Your Brain In An Accident,8,#N/A
Da Mafia 6ix,6ix Commandments,8,#N/A
Black Milk,No Poison No Paradise,8,#N/A
Cage The Elephant,Melophobia,8,#N/A
Armand Hammer,Race Music,8,#N/A
of Montreal,Lousy With Sylvianbriar,8,#N/A
Darkside,Psychic,8,#N/A
Touché Amoré,Is Survived By,8,#N/A
Flatbush Zombies,BetterOffDEAD,8,#N/A
Gorguts,Colored Sands,8,#N/A
Stone Titan,Scratch N' Sniff (MINI),8,#N/A
Run The Jewels,Run The Jewels,8,#N/A
Smith Westerns,Soft Will,8,#N/A
Young Fathers,Tape Two,8,#N/A
Deafheaven,Sunbather,8,#N/A
This Routine Is Hell,Howl,8,#N/A
Daft Punk,Random Access Memories,8,#N/A
The Dillinger Escape Plan,One Of Us Is The Killer,8,#N/A
Savages,Silence Yourself,8,#N/A
Ghostface Killah and Adrian Younge,Twelve Reasons To Die,8,#N/A
Kvelertak,Meir,8,#N/A
The Drones,I See Seaweed,8,#N/A
Autechre,Exai,8,#N/A
Clipping,Midcity,8,#N/A
Iceage,You're Nothing,8,#N/A
Beach Fossils,Clash The Truth,8,#N/A
My Bloody Valentine,MBV,8,#N/A
Buke and Gase,General Dome,8,#N/A
Comadre,Comadre,8,#N/A
Foxygen,We Are the 21st Century Ambassadors of Peace & Magic,8,#N/A
The Progressive Era,PEEP: The aPROcalypse,8,#N/A
Burial,Truant / Rough Sleeper,8,#N/A
The Evens,The Odds,8,#N/A
Action Bronson and the Alchemist,Rare Chandeliers,8,#N/A
Pile,Dripping,8,#N/A
The Bad Plus,Made Possible,8,#N/A
Converge,All We Love We Leave Behind,8,#N/A
Godspeed You! Black Emperor,'Allelujah! Don't Bend! Ascend!,8,#N/A
Tame Impala,Lonerism,8,#N/A
Death Grips,NO LOVE DEEP WEB,8,#N/A
Alt-J,An Awesome Wave,8,#N/A
Krallice,Years Past Matter,8,#N/A
Murder Construct,Results,8,#N/A
Swans,The Seer,8,#N/A
Xibalba,Hasta La Muerte,8,#N/A
Nachtmystium,Silencing Machine,8,#N/A
Holograms,Holograms,8,#N/A
Foxygen,Take the Kids Off Broadway,8,#N/A
Deathspell Omega,Drought,8,#N/A
Ty Segall Band,Slaughterhouse,8,#N/A
Ty Segall & White Fence,Hair,8,#N/A
iamamiwhoami,Kin,8,#N/A
The Tallest Man On Earth,There's No Leaving Now,8,#N/A
Black Breath,Sentenced to Life,8,#N/A
Beach House,Bloom,8,#N/A
Torche,Harmonicraft,8,#N/A
White Suns,Sinews,8,#N/A
Spiritualized,Sweet Heart Sweet Light,8,#N/A
High On Fire,De Vermis Mysteriis,8,#N/A
THEESatisfaction,awE naturalE,8,#N/A
Christian Mistress,Possession,8,#N/A
Burial,Kindred,8,#N/A
Portico Quartet,Portico Quartet,8,#N/A
Loma Prieta,I.V.,8,#N/A
Young Fathers,Tape One,8,#N/A
Cloud Nothings,Attack On Memory,8,#N/A
Cormorant,Dwellings,8,#N/A
The Log.Os,λόγος,8,#N/A
Vektor,Outer Isolation,8,#N/A
Ghoul,Transmission Zero,8,#N/A
Oblivionized,Abhorrent Evolution,8,#N/A
Absu,Abzu,8,#N/A
La Dispute,Wildlife,8,#N/A
BADBADNOTGOOD,BBNG,8,#N/A
Andrew Jackson Jihad,Knife Man,8,#N/A
Veronica Falls,Veronica Falls,8,#N/A
Africa Hitech,93 Million Miles,8,#N/A
Little Dragon,Ritual Union,8,#N/A
Toxic Holocaust,Conjure and Command,8,#N/A
Zombi,Escape Velocity,8,#N/A
Shabazz Palaces,Black Up,8,#N/A
Iceage,New Brigade,8,#N/A
Poor Lily,Poor Lily,8,#N/A
Havok,Time Is Up,8,#N/A
The UV Race,Homo,8,#N/A
Liturgy,Aesthethica,8,#N/A
Death Grips,Exmilitary,8,#N/A
CunninLynguists,Oneirology,8,#N/A
Wormrot,Dirge,8,#N/A
Crystal Stilts,In Love With Oblivion,8,#N/A
Timber Timbre,Creep On Creepin' On,8,#N/A
Holy Ghost!,Holy Ghost!,8,#N/A
Craft Spells,Idle Labor,8,#N/A
The Pains of Being Pure at Heart,Belong,8,#N/A
Mogwai,"Hardcore Will Never Die, but You Will",8,#N/A
Natural Child,Natural Child,8,#N/A
Kvelertak,Kvelertak,8,#N/A
Fergus & Geronimo,Unlearn,8,#N/A
Ghost,Opus Eponymous,8,#N/A
British Sea Power,Valhalla Dancehall,8,#N/A
The Souljazz Orchestra,Rising Sun,8,#N/A
Off!,First Four,8,#N/A
Agalloch,Marrow of the Spirit,8,#N/A
Weekend,Sports,8,#N/A
Bongripper,Satan Worshipping Doom,8,#N/A
The Tallest Man On Earth,Sometimes the Blues Is Just a Passing Bird,8,#N/A
Deerhunter,Halcyon Digest,8,#N/A
Blonde Redhead,Penny Sparkle,8,#N/A
Magic Kids,Memphis,8,#N/A
Mogwai,Special Moves,8,#N/A
Various Artists,Afro-Beat Airways,8,#N/A
Daughters,Daughters,8,#N/A
Ceremony,Rohnert Park,8,#N/A
Arcade Fire,The Suburbs,8,#N/A
Dirty Projectors and Bjork,Mount Wittenberg Orca,8,#N/A
Superhumanoids,Urgency,8,#N/A
The Roots,How I Got Over,8,#N/A
The Radio Dept.,Clinging To A Scheme,8,#N/A
The Drums,The Drums,8,#N/A
Ratatat,LP4,8,#N/A
Woods,At Echo Lake,8,#N/A
Various Artists,Pomegranates,8,#N/A
The Tallest Man On Earth,The Wild Hunt ,8,#N/A
MGMT,Congratulations ,8,#N/A
Arckanum,ÞÞÞÞÞÞÞÞÞÞÞ ,8,#N/A
High On Fire,Snakes for the Divine ,8,#N/A
Horrendous,Idol,9,#N/A
IDLES,Joy as an Act of Resistance,9,#N/A
Death Grips,Year of the Snitch,9,#N/A
Parquet Courts,Wide Awake!,9,#N/A
Portal,Ion,9,#N/A
Brockhampton,Saturation,9,#N/A
Sun Kil Moon,Common As Light And Love Are Red Valleys Of Blood,9,#N/A
A Tribe Called Quest,We Got It from Here... Thank You 4 Your Service ,9,#N/A
Swans,The Glowing Man,9,#N/A
Death Grips,Bottomless Pit,9,#N/A
Xiu Xiu,Plays the Music of Twin Peaks,9,#N/A
Ghost,Meliora,9,#N/A
Death Grips,The Powers That B (Niggas On the Moon / Jenny Death),9,#N/A
The Pop Group,Citizen Zombie,9,#N/A
Iceage,Plowing Into the Field of Love,9,#N/A
clipping.,CLPPNG,9,#N/A
Freddie Gibbs & Madlib,Piñata,9,#N/A
Sun Kil Moon,Benji,9,#N/A
Behemoth,The Satanist,9,#N/A
Melt-Banana,Fetch,9,#N/A
Queens of the Stone Age,...Like Clockwork,9,#N/A
Altar of Plagues,Teethed Glory and Injury,9,#N/A
The Knife,Shaking The Habitual,9,#N/A
Ondatrópica,Ondatrópica,9,#N/A
TNGHT,TNGHT,9,#N/A
Dope Body,Natural History,9,#N/A
BADBADNOTGOOD,BBNG2,9,#N/A
Disma,Towards the Megalith,9,#N/A
Battles,Gloss Drop,9,#N/A
Fleet Foxes,Helplessness Blues,9,#N/A
Beastie Boys,Hot Sauce Committee Part Two,9,#N/A
Destroyer,Kaputt,9,#N/A
Women,Public Strain,9,#N/A
Nails,Unsilent Death,9,#N/A
Chromeo,Business Casual,9,#N/A
The Books,The Way Out,9,#N/A
LCD Soundsystem,This Is Happening,9,#N/A
Little Women,Throat,9,#N/A
Daughters,You Won't Get What You Want,10,#N/A
KIDS SEE GHOSTS,KIDS SEE GHOSTS,10,#N/A
Swans,To Be Kind,10,#N/A
Death Grips,The Money Store,10,#N/A
Chance The Rapper,The Big Day,0,M
Logic,Confessions Of A Dangerous Mind,1,M
Miley Cyrus,Miley Cyrus & Her Dead Petz,1,F
Miley Cyrus,She Is Coming,1,F
93punx & Vic Mensa,93punx,1,#N/A
Jaden,The Sunset Tapes: A Cool Tape Story,2,M
Partynextdoor,Partynextdoor Two,2,M
Gunna,Drip Or Drown 2,2,M
Lil Yachty,Nuthin' 2 Prove,2,M
Blink-182,Nine,2,#N/A
Spark Master Tape,Silhouette Of A Sunkken City,2,#N/A
Tory Lanez,Memories Don't Die,3,M
Drake,Care Package,3,M
Kodak Black,Lil B.I.G. Pac,3,M
A$Ap Mob,Lords Never Worry,3,#N/A
"The Knife, Mt. Sims, Planningtorock","Tomorrow, In A Year",3,#N/A
Pi'erre Bourne,The Life Of Pi'erre 4,3,M
Shabazz Palaces,Quazarz: Born On A Ganstar Star,3,#N/A
Travis Scott,Days Before Rodeo,3,M
Have A Nice Life,Sea Of Worry,3,#N/A
Pharell,G I R L,3,M
Tegan And Sara,Hearthrob,3,#N/A
Lil Wayne,The Carter Iv,3,M
Jaden,Erys,3,M
Neon Indian,Era Extrana,3,#N/A
Steve Lacy,Apollo Xxi,3,M
The Weeknd,House Of Ballons,3,M
Mac Demarco,Here Comes The Cowboy,3,M
Travis Scott,Owl Pharoah,3,M
Maggie Roggers,Heard It In A Past Life,3,F
Willow,Ardipithecus,3,F
Citizen,Everbody Is Going To Heaven,3,#N/A
The Glitch Mob,Love Death Immortality,3,#N/A
Portugal. The Man,American Ghetto,3,#N/A
Trippie Redd,A Love Letter To You 4,4,M
Yung Lean,Unkown Memory,4,M
Broken Social Scene,Forgiveness Rock Record,4,#N/A
Gus Dapperton,Where Polly People Go To Read,4,M
Ameer Vann,Emmanuel,4,M
Childish Gambino,Kauai,4,M
Beck,Hyperspace,4,M
Jaden,Syre,4,M
Jonathan Rado,Law And Order,4,M
Odd Future,The Of Tape Vol.2,4,#N/A
"Med, Blu, Madlib",Bad Neighbor,4,#N/A
Childish Gambino,Stn Mtn,4,M
The Internet,Purple Naked Laides,4,#N/A
Mastadon,Emperor Of Sand,4,#N/A
Doja Cat,Hot Pink,4,F
The Neighbourhood,The Neighbourhood,4,#N/A
The National,I Am Easy To Find,4,#N/A
Burzum,Belus,4,#N/A
Weezer,Weezer (Black Album),4,#N/A
Beirut,Gallipoli,4,#N/A
Panopticon,The Scars Of Man On The Once Nameless Wilderness Part I And Ii,4,#N/A
Tool,Fear Inoculum,4,#N/A
Kanye West,Jesus Is King,4,M
The 1975,"I Like It When You Sleep, For You Are So Beatiful Yet So Unaware Of It",4,#N/A
Arcade Fire,Everyhting Now,4,#N/A
Pianos Become Teeth,Keep You,4,#N/A
The Mountain Goats,In League With Dragons,4,M
Refused,Freedom,4,#N/A
Lil Peep,"Come Over When You're Sober, Pt. 2",4,M
Boris,Attention Please,4,#N/A
Purity King,Another Eternity,4,#N/A
Partynextdoor,Partynextdoor (P3),4,M
G-Easy,When It's Dark Out,4,M
Iggy & The Stooges,Ready To Die,4,#N/A
Ratking,700 Fill,4,#N/A
Lil Pump,Harverd Dropout,4,M
Riff Raff,The Peach Panther,4,M
M83,"Hurry Up, We're Dreamind",4,#N/A
Young Nudy & Pi'erre Bourne,Sli'merre,4,#N/A
A$Ap Mob,Cozy Tapes Vol. 2: Too Cozy,4,#N/A
Big K.R.I.T.,K.R.I.T. Iz Here,4,M
Megadeth,Dystopia,4,#N/A
Ed Sheeran,÷,4,M
M.I.A.,Aim,4,F
Comethazine,Bawskee 2,4,M
No Genesis & The Alchemist,No Idols,5,#N/A
Cage The Elephant,Social Cues,5,#N/A
Explosions In The Sky,"Taker Care, Take Care, Take Care",5,#N/A
Ajj,Christmas Island,5,#N/A
Big Sean & Metro Boomin,Double Or Nothing,5,#N/A
Future & Juice Wrld,Wrld On Drugs,5,#N/A
Baroness,Gold & Grey,5,#N/A
Arctic Monkeys,Tranquilty Base Hotel & Casino,5,#N/A
Coldplay,Everyday Life,5,#N/A
Juice Wrld,Goodbye & Good Riddance,5,M
(Sandy) Alex G,House Of Sugar,5,M
The World Is A Beatiful Place And I Am No Longer Afraid To Die,Between Bodies,5,#N/A
Big Boi,Vicious Lies And Dangerous Rumors,5,M
Migos,No Label 2,5,#N/A
Mick Jenkins,The Healing Component,5,M
Tim Hecker & Daniel Lopatin,Instrumental Tourist,5,#N/A
Justice,Woman,5,#N/A
The Weeknd,"My Dear Melancholy,",5,M
Tera Malos,Patagonian Rats,5,#N/A
M.I.A.,/\/\ /\ Y /\,5,F
Autechre,Oversteps,5,#N/A
Broken Bells,Broken Bells,5,#N/A
Cyhi The Prynce,No Dope On Sundays,5,M
Bon Iver,"22, A Million",5,#N/A
Dave,Pyschodrama,5,M
Jackboys & Travis Scott,Jackboys,5,#N/A
Battles,Juice B Crypts,5,#N/A
American Football,American Football,5,#N/A
Holly Herndon,Proto,5,F
Nosaj Thing,Homa,5,M
Chelsea Wolfe,Birth Of Violence,5,F
Kirk Knight,Late Night Special,5,M
Timber Timbre,"Sincerely, Future Pollition",5,#N/A
Childish Gambino,Becuase The Internet,5,M
Westside Gunn,Hitler Wears Hermes 7,5,M
Red Hot Chilli Peppers,I'm With You,5,#N/A
Uncommon Nasa & Kount Fif,City As School,5,#N/A
Future,Future,5,M
King Gizzard And The Lizard Wizard & Mild High Club,Sketches Of Brunswick East,5,#N/A
Nick Cave & The Bad Seeds,Push The Sky Away,5,#N/A
Deerhunter,Why Hasn't Everything Already Disappeared?,5,#N/A
Yeah Yeah Yeahs,Mosqiuto,5,#N/A
A$Ap Mob,Cozy Tapes Vol.1 Friends,5,#N/A
The Lonely Island,Turleneck & Chain,5,#N/A
Yg,Stay Dangerous,5,M
Letlive.,The Blackest Beatiful,5,#N/A
Logic,Everybody,5,M
Hair Maly Mallon,Bestiary,5,#N/A
Post Malone,Hollywood's Bleeding,5,M
Rex Orange Country,Pony,5,M
Kreator,Phantom Antchrist,5,#N/A
J.Cole,Born Sinner,5,M
Czarface & Ghostface Killah,Czarface Meets Ghostface,5,#N/A
Earl Sweatshirt,Feet Of Clay,5,M
Rammstein,Rammstein,5,#N/A
Morissey,World Peace Is None Of Your Business,5,M
Laura Farling,Semper Ferina,5,#N/A
Sturgill Simpson,Sound & Fury,5,M
Raekwon,Shaloin Vs. Wu-Tang,5,M
James Blake,The Colour In Anything,5,M
Negura Banket,Tau,5,#N/A
Cage The Elephant,Thank You Happy Birthday,5,#N/A
Bts,Map Of The Soul: Persona,5,#N/A
Unkown Mortal Orchestra,Unkown Mortal Orchestra,5,#N/A
Little Simz,Stilness In Wonderland,5,F
Woods,Sun & Shade,5,#N/A
Clairo,Immunity,5,F
Dababy,Kirk,5,M
Join Us,They Might Be Giants,5,#N/A
Actress,R.I.P.,5,M
Descendents,Hypercaffium Spazzinate,5,#N/A
Daniel Ceasar,Case Study 01,5,#N/A
Schoolboy Q,Crash Talk,5,M
Squarepusher,Shoebaleader One: D'demonstrator,5,M
Young Thug,Beatiful Thugger Girls,5,M
Bad Bunny,X 100pre,5,M
The Underachievers,Lords Of Flatbush,5,#N/A
Future & Young Thug,Super Slimey,5,#N/A
Mark Ronson & The Business Intl,Record Collection,5,#N/A
Azelia Banks,Broke With Expensive Taste,5,F
"Sufjan Stevens, Bryce Dessner, Nico Muhly, James Mcalister",Planetarium,5,#N/A
Logic,Bobby Tarantino,5,M
Sleater-Kinney,The Center Won't Hold,5,#N/A
Benjamim Clementine,I Tell A Fly,5,M
Skepta,Vicious,5,M
The Raconteurs,Help Us Stranger,5,#N/A
Drake,So Far Gone,5,M
Harry Styles,Fine Line,5,M
Cut Copy,Zonoscoe,5,#N/A
Mastadon,The Hunter,5,#N/A
Flying Lotus,Flamagra,5,M
A$Ap Rocky,At.Long.Last.A$Ap,5,M
Spaceghostpurrp,Mysterious Phonk: The Chronicles Of Spaceghostpurpp,5,M
Angel Olsen,Burn Your Fire With No Witness,5,F
Schoolboy Q,Habist & Contradictions,5,M
Micheal Cera,True That,5,#N/A
Big Thief,U.F.O.F.,5,#N/A
Darkthrone,Circle The Wagons,5,#N/A
Hitaus Kaiyote,Choose Your Weapon,5,#N/A
Lil Peep,Eveeybody's Everything,5,M
P.O.S.,We Don't Even Live Here,5,M
Amine,Good For You,5,M
Courtney Barnett,Tell Me How You Reall Feel,6,F
The Smith Street Band,More Scared Of You Than You Are Of Me,6,#N/A
Vivian Girls,Memory,6,#N/A
Boris,Heavy Rocks,6,#N/A
Knocked Loose,A Different Shade Of Blue,6,#N/A
Boards Of Canada,Tmorrow's Harvest,6,#N/A
"Badbadnotgood, Ghostface Killah",Sour Soul,6,#N/A
Earthgang,Mirrorland,6,#N/A
Czarface,A Fistful Of Peril,6,#N/A
Vince Staples,Summertime '06,6,M
Rae Sremmurd,Sremmlife 2,6,#N/A
Jonsi,Go,6,M
J.Cole,2014 Forest Hills Drive,6,M
Taylor Swift,Lover,6,F
Kevin Abstract,Arizona Baby,6,M
Matmos & So Percusion,Treasure State,6,#N/A
Madeon,Good Faith,6,M
King Gizzard And The Lizard Wizard,Murder Of The Universe,6,#N/A
Pond,Man It Feels Like Space Again,6,#N/A
Slipknot,We Are Not Your Kind,6,#N/A
Action Bronson / Party Supplies,Blue Chips 2,6,#N/A
Boogie,Everythings For Sale,6,M
Solange,When I Get Home,6,F
Future Islands,On The Water,6,#N/A
Tonetta,777,6,M
"Drake, Future",What A Time To Be Alive,6,#N/A
Belle & Sebastian,Write About Love,6,#N/A
Quavo & Travis Scott,"Huncho Jack, Jack Huncho",6,#N/A
La Dispute,Panaorama,6,#N/A
(Sandy) Alex G,Beach Music,6,M
Big K.R.I.T.,Tdt,6,M
Babyfather,Bbf Hosted By Dj Escrow,6,#N/A
Oh Sees,Face Stabber,6,#N/A
Bon Iver,"I,I",6,#N/A
Kurt Vile,B'lieve I'm Goin Down,6,M
Jessica Pratt,Quiet Signs,6,F
Vampire Weekend,Father Of The Bride,6,#N/A
The Bug,Angels And Devils,6,M
Revenge,Behold.Total.Rejection,6,#N/A
03:33,In The Middle Of Infinity,6,#N/A
Everyhting Everything,A Fever Dream,6,#N/A
Foals,Everything Not Saved Will Be Lost (Part 1),6,#N/A
Macklemore & Ryan Lewis,The Unruly Mess I've Made,6,#N/A
Snail Mail,Lush,6,F
Lcd Soundsystem,Electric Lady Sessions,6,#N/A
Kanye West,My Beatiful Dark Twisted Fantasy,6,M
Belle & Sebastian,Girls In Peacetime Want To Dance,6,#N/A
Hannah Diamond,Reflections,6,F
Jeff Rosenstock,Post-,6,M
Milo,Budding Ornithologists Are Weary Of Tires Analogies,6,M
Idk,Is He Real?,6,M
"Jesu, Sun Kil Moon",Jesu/Sun Kil Moon,6,#N/A
Death From Above,The Physical World,6,#N/A
Fashawn,Higher Learning Vol.2,6,M
The Flaming Lips,King's Mouth,6,#N/A
Rico Nasty & Kenny Beats,Anger Management,6,#N/A
John Wanderslice,White Wilderness,6,M
Caribou,Swim,6,M
Matana Roberts,Coin Coin Chapter Three: River Run Thee,6,F
Lou Reed & Metallica,Lulu,6,#N/A
Guilty Simpson,Oj Sipmson,6,M
Agalloch,The Serpent & The Sphere,6,#N/A
Little Big,"Antipositive, Pt. 2",6,#N/A
Blonde Redhead,Barragan,6,#N/A
Rich Brian,The Sailor,6,M
Panda Bear,Mr Noah,6,M
Weezer,Weezer (Teal Album),6,#N/A
Code Orange,Love Is Love // Return To Dust,6,#N/A
Zillakami & Sosmula,City Morgue Vol. 1 : Hell Or High Water,6,#N/A
Cx Ki̇Dtroni̇K,Krak Attack 2: Ballad Of Elli Skiff,6,#N/A
Scott Walker & Sunn O))),Soused,6,#N/A
2 Chainz,Rap Or Go To The League,6,M
Sleaford Mods,English Tapas,6,#N/A
Lil Wayne,The Carter V,6,M
Angel Olsen,All Mirrors,6,F
Tomb Mold,Planetary Clairvoyance,6,#N/A
Circle Takes The Square,Decompositions: Volume Number One,6,#N/A
The World Is A Beatiful Place And I Am No Longer Afraid To Die,Always Foreign,6,#N/A
Purity King,Shrines,6,#N/A
Boots,Aquaria,6,M
Bedwetter,Volume 1: Flick Your Tongue Against Your Teeth And Describe The Present.,6,#N/A
Dreamville,Revenge Of The Dreamers Iii,6,#N/A
Kayo Dot,Coffins On Lo,6,#N/A
Toro Y Moi,Outer Peace,6,M
Blood Orange,Angel's Pulse,6,M
Jay-Z,Magna Carta Holy Grail,6,M
The Vaccines,What Did You Expect From Vaccines?,6,#N/A
Lotus Plaza,Spooky Distance At A Distance,6,M
Aries,Welcome Home,6,M
The Chemical Brothers,No Geography,6,#N/A
Oneohtrix Point Never,Age Of,6,M
Marching Church,The World Is Not Enough,6,#N/A
Myrkur,Mareridt,6,F
Little Dragon,Nabuma Rubberland,6,#N/A
Darkthrone,The Undergorund Resistance,6,#N/A
Kim Petras,Clarity,6,F
Kaytranada,99.90%,6,M
Offset,Father Of 4,6,M
Ryhe,Woman,6,#N/A
Bts,Love Yourself 轉 Tear,6,#N/A
2814,Rain Temple,6,#N/A
Jai Paul,Leak 04-13 (Bait Ones),6,M
Mount Eerie & Julie Doiron,Lost Wisdom Pt. 2,6,M
Bon Iver,"Bon Iver, Bon Iver",6,#N/A
Thou,Magus,6,#N/A
Jimmy The Burnout,Nocando,6,M
Noel Gallagher's High Flying Birds,Who Built The Moon?,6,#N/A
Iron Raegan,Crossover Ministry,6,#N/A
J.Cole,Cole World: The Sideline Story,6,M
Cattle Decapitation,Death Atlas,6,#N/A
Big Sean,I Decided.,6,M
Marilyn Manson,The Pale Emperor,6,M
Autospy,The Headless Ritual,6,#N/A
Billy Woods,Terror Management,6,M
Waste Of Space Orchestra,Syntheosis,6,#N/A
Bring Me The Horizon,Amo,6,#N/A
Liars,Sisterworld,6,#N/A
Panda Bear,Buoys,6,M
Full Of Hell,Weeping Choir,6,#N/A
Niki & The Dove,Instict,6,#N/A
Lil Nas X,7,6,M
Beyonce,Beyonce,6,F
Adam Green & Binki Shapiro,Adam Green & Binki Shapiro,6,#N/A
Flatbush Zombies,3001: A Larced Odyssey,6,#N/A
Juice Wrld,Death Race For Love,6,M
Metallica,Hardwired... To Self-Destruct,6,#N/A
St. Vincent,Masseduction,6,F
Iron & Wine,Kiss Each Other Clean,6,M
Bones,Paidprogramming2,6,M
Ariel Pink's Haunted Grafitti,Mature Themes,6,M
Sleaford Mods,Divide And Exit,6,#N/A
The 1975,A Brief Inqury Into Online Relationships,6,#N/A
Deftones,Koi No Yakan,6,#N/A
The Morning Benders,Big Echo,6,#N/A
Tv On The Radio,Seeds,6,#N/A
Benny The Butcher,The Plugs I Met,6,M
Das Racist,"Shut Up, Dude",6,#N/A
American Football,American Football [Lp 3],7,#N/A
Ghostface Killah & Adrian Younge,Twelve Reasons To Die Ii,7,M
Kayo Dot,Hubrado,7,#N/A
Seeyouspacecowboy,Songs For The Firing Squad,7,#N/A
Cee-Lo Green,The Lady Killer,7,M
Clam Casino,32 Levels,7,M
King Gizzard And The Lizard Wizard,Fishing For Fishies,7,#N/A
Weedeater,Jason... The Dragon,7,#N/A
Florence + Machine,How Big How Blue How Beatiful,7,#N/A
Baroness,Yellow & Green,7,#N/A
King Gizzard And The Lizard Wizard,Polygondwanaland,7,#N/A
Sun Kil Moon,I Also Want To Die In New Orleans,7,#N/A
G Herbo,Welcome To Fazoland,7,M
William Basinski,A Shadow In Time,7,M
21 Savage,I Am > I Was,7,M
Megan Thee Stallion,Fever,7,F
Sharon Van Etten,Remind Me Tomorrow,7,F
Boy Who Cried Wolf,Wifisfuneral,7,#N/A
Black Milk & Danny Brown,Black And Brown!,7,#N/A
Clams Casino,Instrumental 2,7,M
Swans,Leaving Meaning.,7,#N/A
Blue & Exile,Give Me My Flowers While I Can Still Smell Them,7,#N/A
Wild Beats,Present Tense,7,#N/A
Future,The Wizrd,7,M
Clarence Clarity,Think : Peace,7,M
Lcyus,Tempest,7,#N/A
King Gizzard And The Lizard Wizard,Paper Mache Dream Balloon,7,#N/A
Iceage,Beyondless,7,#N/A
Oliver Tree,Do You Feel Me?,7,M
Fka Twigs,Magdalene,7,F
"Iglooghost, Kai Whiston, Babii",Xyz,7,#N/A
Pj Harvey,The Hope Six Demolition Project,7,F
Ybn Cordae,The Lost Boy,7,M
Brittany Howard,Jaime,7,F
Pusha T,King Push - Darkest Before Dawn: The Prelude,7,M
Anderson .Paak,Ventura,7,M
Carly Rae Jepsen,Dedicated,7,F
Take Over And Destroy,Endless Night,7,#N/A
Injury Reserve,Injury Reserve,7,#N/A
Rapsody,Eve,7,F
Zillakami & Sosmula,City Morgue Vol. 2: As Good As Dead,7,#N/A
Glass Beach,The First Glass Beach Album,7,#N/A
Black Lips,Satan's Grafitti Or God's Art?,7,#N/A
Havok,Conformicide,7,#N/A
"The Body, Full Of Hell",One Day You Will Ache Like I Ache,7,#N/A
Ecco2k,E,7,M
Four Tet,Beatiful Rewind,7,M
La Dispute,Rooms Of The House,7,#N/A
Oranssi Pazuzu,Varahtelija,7,#N/A
Alunegeorge,Body Music,7,#N/A
Comet Gain,Howl Of The Lonely Crows,7,#N/A
Dinasour Jr.,I Bet On Sky,7,#N/A
Brockhampton,Iridesence,7,#N/A
David Bowie,The Next Day,7,M
Ttng,13.0.0.0.0,7,#N/A
Iggy Pop,Post Pop Depression,7,M
Sunn O))),Life Metal,7,#N/A
Jeffrey Lewis And The Deposit Returners,Works By Tul Kupferberg (1923-2010),7,#N/A
Poppy,Choke,7,F
Santigold,99¢,7,F
Blanck Mass,Animated Violence Mild,7,M
Vallenyfire,Splinters,7,#N/A
Mastadon,Once More 'Round The Sun,7,#N/A
Carly Rae Jepsen,E•Mo•Tion,7,F
Grouper,The Man Who Dies In His Boat,7,F
Janelle Monae,The Electric Lady,7,F
Cunninlynguists,Strange Journey Volume Three,7,#N/A
Czarface & Mf Doom,Czarface Meets Metal Face,7,#N/A
Preoccupations,Viet Cong,7,#N/A
Daniel Caesar,Freudian,7,M
Honkey Kong,Apathy,7,M
Lil Yachty,Lil Boat 2,7,M
Lou The Human,Humaniac,7,M
Young Thug,So Much Fun,7,M
Dram,Big Baby D.R.A.M.,7,M
Spellling,Mazy Fly,7,F
Thom Yorke,Anima,7,M
Neil Young And Crazy House,Americana,7,#N/A
100 Gecs,1000 Gecs,7,#N/A
Okonkolo,Cantos,7,#N/A
Onyx Collective,Lower East Suite Part Three,7,#N/A
Lim Kim,Generasian,7,F
Bill Callahan,Shepherd In A Sheepskin Vest,7,M
An Autumn For Crippled Children,Try Not To Destory Everyhting You Love,7,#N/A
Young Thug,Jeffery,7,M
The Unclouded,Hokey Fright,7,#N/A
Pop .1280,The Horror,7,#N/A
Chelsea Wolfe,Unkown Rooms: A Collection Of Acoustic Songs,7,F
Griselda,Wwcd,7,#N/A
Titus Andronicus,The Monitor,7,#N/A
Godflesh,A World Only Lit By Fire,7,#N/A
Nevermen,Nevermen,7,#N/A
Unkown Mortal Orchestra,Ii,7,#N/A
The World Is A Beatiful Place And I Am No Longer Afraid To Die,Harmlessness,7,#N/A
Swain,Negative Space,7,#N/A
Keiji Haino & Sumac,"American Dolar Bill - Keep Facing Sideways, You're Too Hideous To Look At Face On",7,#N/A
Stella Donnelly,Beware Of The Dogs,7,F
Parquet Courts,Human Performance,7,#N/A
Childish Gambino,"Awaken, My Love",7,M
Tnght,Ii,7,#N/A
Soap&Skin,Sugarbread,7,F
Herman DüNe,Strange Moosic,7,#N/A
Big Thief,Two Hands,7,#N/A
Blood Ceremony,Living The Ancients,7,#N/A
Maste Musiciand Of Bukkake,Totem Three,7,#N/A
James Blake,Assume Form,7,M
King Gizzard And The Lizard Wizard,Gumboot Soup,7,#N/A
Luara Marling,Once I Was An Eagle,7,#N/A
Weatherday,Come In,7,#N/A
Wreck & Reference,No Youth,7,#N/A
Black Thought & Salaam Remi,Streams Of Thought Vol. 2,7,#N/A
The World Is A Beatiful Place And I Am No Longer Afraid To Die,"Whenever, If Ever",7,#N/A
Bibio,Silven Wilkinson,7,M
Jenny Hval,Innocence Is Kinny,7,F
Macklemore & Ryan Lewis,The Heist,7,#N/A
Micheal Kiwanuka,Kiwanuka,7,M
The Voidz,Tyranny,7,#N/A
Joey Purp,Iiidrops,7,M
Tierra Whack,Whack World,7,F
Dirty Projectors,Dirty Projectors,7,#N/A
Pharoahne Monch,Ptsd,7,#N/A
Anderson .Paak,Malibu,7,M
Nick Cave And The Bad Seeds,Ghosteen,7,#N/A
Florence + Machine,High As Hope,7,#N/A
Candy Claws,Ceres & Calypso In The Deep Time Forever,7,#N/A
Ti̇Tle Fi̇Ght,Floral Green,7,#N/A
Your Old Droog,It Wasn't Even Close,7,M
Ibibio Sound Machine,Doko Mien,7,#N/A
Rp Boo,"Fingers, Bank Pads, And Shoe Prints",7,M
George Clanton,Slide,7,M
Sigur Ros,Valtari,7,#N/A
Kyary Pamyu Pamyu,?????????? [Pika Pika Fantajin),7,F
Gang Starr,One Of The Best Yet,7,#N/A
Show Me The Body,Dog Whistle,7,#N/A
Spoon,The Want My Soul,7,#N/A
Skrillex,Scary Monster And Nice Sprites,7,M
Mr. Yoter,The Terrible Tale Of Scurvy Jones,7,#N/A
Ondatropica,Baile Bucanero,7,#N/A
Dr. Dre,Compton: A Soundtrack By Dr. Dre,7,M
Dos Monos,Dos City,7,#N/A
Charli Xcx,Number 1 Angel,7,F
Gorguts,Colorded Sands,8,#N/A
Yazz Ahmed,Polyhymnia,8,F
Clipping.,Midcity,8,#N/A
Sturgili Simpson,A Sailor's Guide To Earth,8,M
Alex Cameron,Miami Memory,8,M
The Tallest Man On Earth,The Wild Hunt,8,#N/A
Hop Along,"Bark Your Head Off, Dog",8,#N/A
Ghsotface Killah & Adrian Younge,Twelve Reasons To Die,8,#N/A
Girl Talk & Freeway,Broken Ankles Ep,8,#N/A
Rosalia,Los Angeles,8,F
Anamanaguchi,[Usa],8,#N/A
Danny Brown,Uknowhatimsayin¿,8,M
R.E.K.S.,R.E.K.S. (Rythmatic Eternal King Supreme),8,M
Ariel Pink's Haunted Grafitti,Before Today,8,M
Angel Olsen,My Woman,8,F
Zammuto,Zammuto,8,M
King Gizzard And The Lizard Wizard,Nonagon Infinity,8,#N/A
Ana Frango EléCtrico,Little Electric Chicken Heart,8,#N/A
King Gizzard And The Lizard Wizard,Infest The Rats' Nest,8,#N/A
"BjöRk, Dirty Porjectors",Mount Wittenberg Orca,8,#N/A
"Brian Eno, Jon Hopkins, Leo Abrahams",Small Craft On A Milk Sea,8,#N/A
Jpegmafia,All My Heroes Are Cornballs,8,M
The Highwomen,The Highwomen,8,#N/A
Chelsea Wolfe,Apokalypsis,8,F
Purple Mountains,Purple Mountains,8,M
Oneohtrix Point Never,Garden Of Delete,8,M
Uboa,The Origin Of My Depression,8,#N/A
Janelle Monae,Dirty Computer,8,F
Daphni,Sizzling,8,M
Touche Amore,Is Survived By,8,#N/A
Ty Segall Band,Salughterhouse,8,#N/A
Dayme Arecona,Cubafonia,8,F
Aphex Twin,Collapse,8,M
Thee Silver Mt. Zion Memorial Orchestra,Fuck Off Get Free We Pour Light On Everything,8,#N/A
Slowthai,Nothing Great About Britain,8,M
Radiohead,A Moon Shaped Pool,8,#N/A
Sonic Titan,Scratch 'N Sniff,8,#N/A
Kurt Vile,Walkin On A Pretty Daze,8,M
The I.L.Y.'S,Scum With Boundaries,8,#N/A
Slauson Malone,"A Quiet Farwell, Twenty Sixteen To Twenty Eighteen",8,M
Billie Ellish,"When We All Fall Asleep, Where Do We Go?",8,F
Neil Cicierega,Mouth Silence,8,M
Drake,If You're Reading This It's Too Late,8,M
Iglooghost,Chinese Nü Year,8,M
Andrew W.K.,You're Not Alone,8,M
Jay-Z,04:44,8,M
The Wythces,Annabel Dream Reader,8,#N/A
Neurosis,Fires Within Fires,8,#N/A
The Routine Is Hell,Howl,8,#N/A
Young Fathers,White Men Are Black Too,8,#N/A
Brockhampton,Ginger,8,#N/A
Dorian Electra,Flamboyant,8,NB
Carly Rae Jepsen,E•Mo•Tion: Side B,8,F
A$Ap Rocky,Live. Love. A$Ap,8,M
Kendrick Lamar,Untitled Ummastered.,8,M
Lizzo,Cuz I Love You,8,F
Ajj,Knife Man,8,#N/A
Thee Oh Sees,A Weird Exits,8,#N/A
D'angelo,Black Messiah,8,M
Crying,Beyond The Fleeting Gales,8,#N/A
Rosalia,El Mal Querer,8,F
Sunn O))),Pyroclasts,8,#N/A
Matana Roberts,Coin Coin Chapter One: Gens De Couleur Libre,8,F
The Comet Is Coming,Trust In The Lifeforce Of The Deep Mystery,8,#N/A
Young Thug & Carnage,Young Martha,8,#N/A
Deerhunter,Halycon Digest,8,#N/A
Conninlynguists,Oneirology,8,#N/A
Nicolas Jaar,Space Is Only Noice,8,M
Ariana Grande,"Thank U, Next",8,F
Napalm Death,Apex Predator - Easy Meat,8,#N/A
Oneothrix Point Never,Replica,8,M
Matmos,Plastic Anniversary,8,#N/A
Weezer,Weezer (White Album),8,#N/A
Joey Bada$$,All-Amerikkkan Bada$$,8,M
Jean Grae & Quelle Chris,Everything's Fine,8,#N/A
Liturgy,Aesthetica,8,#N/A
Billy Woods & Kenny Segal,Hiding Places,8,#N/A
"Colin Stetson, Sarah Neufeld",Never Were The Way She Was,8,#N/A
Clipping.,There Existed An Addiction To Blood,8,#N/A
Pup,Morbid Stuff,8,#N/A
Godspeed You! Black Emperor,Allelujah! Don't Bend! Ascend!,8,#N/A
Tropical Fuck Storm,A Laughing Death In Meatspace,8,#N/A
Action Bronson & The Alchemist,Rare Chandeliers,8,#N/A
Beyonce,Homecoming,8,F
Black Midi,Schlagenheim,8,#N/A
Denzel Curry,Zuu,8,M
Tropical Fuck Storm,Braindrops,8,#N/A
Theopilus London,Lovers Holiday,8,M
Lianne Le Havas,Blood,8,F
Clipping.,Splendor & Misery,8,#N/A
Everyhting Everyhting,Get To Heaven,8,#N/A
Fleet Foxes,Crack-Up,8,#N/A
Neil Cicierega,Mouth Sounds,8,M
Rapsody,Laila's Wisdom,8,F
Iglooghost,Neo Wax Bloom,8,M
Rohnert Park,Ceremony,8,#N/A
Stormzy,Heavy Is The Head,8,M
Janelle Monae,The Archandroid,8,F
Harmonicraft,Torche,8,#N/A
Lightning Bolt,Sonic Citadel,8,#N/A
Car Seat Headrest,Twin Fantasy,8,M
Pop. 1280,Paradise,8,#N/A
Cakes Da Killa,The Euology,8,M
Caroline Polachek,Pang,8,F
Haru Nemuri,春と修羅 (Harutosyura),8,F
Pro Era,Peep: The Aprocalypse,8,#N/A
Touche Amore,Stage Four,8,#N/A
Deathspell Omega,The Furnaces Of Palingenesia,8,#N/A
Moonsorrow,Jumalten Akia,8,#N/A
The Pains Of Beign Pure At Heart,Belong,8,#N/A
Various Artists,"Kankyo Ongaku: Japanese Ambient, Enviromental & New Age Music 1980-90",8,#N/A
Hobo Johnson,The Fall Of Hobo Johnson,8,M
High On Fire,Snakes For The Divine,8,#N/A
Kyary Pamyu Pamyu,なんだこれくしょん (Nanda Collection),8,F
Alvvays,Antisocialities,8,#N/A
Frank Ocean,Blonde,8,M
Freddie Gibbs & Madlib,Bandana,8,#N/A
Flume,Hi This Is Flume,8,M
Big K.R.I.T.,4eva N A Day,8,M
Flying Lotus,You're Dead!,8,M
Quelle Chris,Guns,8,M
Gorguts,Pleaides' Dust,8,#N/A
Black Thought,"Streams Of Thought, Vol. 1",8,M
Malibu Ken,Malibu Ken,8,#N/A
Marquis Hill,"Modern Flows, Vol. 2",8,M
Prince,Originals,8,M
The Drones,Feelin Kinda Free,8,#N/A
Lube Abbott,Holkham Drones,8,M
Das Racist,"Sit Down, Man",8,#N/A
Zeal And Ardor,Stranger Fruit,8,#N/A
Run The Jewels,Run The Jewels 3,8,#N/A
King Gizzard And The Lizard Wizard,Flying Microtonal Banana,8,#N/A
Mgmt,Congratulations,8,#N/A
Kirin J Callinan,Return To Center,8,M
Blu & Oh No,A Long Red Hot Los Angeles Summer Night,8,#N/A
My Bloody Valentine,M B V,8,#N/A
Jeff Rosenstock,Worry.,8,M
Lana Del Rey,Norman Fucking Rockwell!,8,F
Lingua Ignota,Caliigula,9,F
Ondatropica,Ondatropica,9,#N/A
Fiona Apple,The Idler Wheel,9,F
Matana Roberts,Coin Coin Chapter Four: Memphis,9,F
Big K.R.I.T.,4eva Is A Mighty Long Time,9,M
David Bowie,Blackstar,9,M
Charli Xcx,Charli,9,F
Little Simz,Grey Area,9,F
Otoboke Beaver,Itekoma Hits,9,#N/A
Death Grips,The Powers That B,9,#N/A
Liturgy,H.A.Q.Q.,9,#N/A
Xiu Xiu,Girl With Basket Of Fruit,9,#N/A
Beastie Boys,Hot Sauce Committee Pt.2,9,#N/A
A Tribe Called Quest,We Got It From Here... Thank You 4 Your Service,9,#N/A
A.A.L. (Against All Logic),2012-2017,9,M
Richard Dawson,2020,9,M
Big K.R.I.T.,Return Of 4eva,9,M
Weyes Blood,Titanic Rising,9,F
Gonjasufi,A Sufi And A Killer,9,M
Bob Dylan,Highway 61 Revisited,Classic,M
A Tribe Called Quest,The Low End Theory,Classic,#N/A
Captain Beefheart,Trout Mask Replica,Classic,#N/A
System Of A Down,Toxicity,Classic,#N/A
Marvin Gaye,What's Going On,Classic,M
Tangerine Dream,Phaedra,Classic,#N/A
Cannibal Ox,The Cold Vein,Classic,#N/A
Roland Kirk,I Talk With The Spirits,Classic,M
Wu-Tang Clan,Enter The Wu-Tang (36 Chambers),Classic,#N/A
Sleater-Kinney,The Woods,Classic,#N/A
Yes,Close To The Edge,Classic,#N/A
Godspeed You! Black Emperor,Lift Your Skinny Fists Like Antennas To Heaven,Classic,#N/A
N.W.A.,Straight Outta Compton,Classic,#N/A
The Microphones,The Glow Pt. 2,Classic,#N/A
Miles Davis,Bitches Brew,Classic,M
Lauryn Hill,The Miseducation Of Lauryn Hill,Classic,F
My Bloody Valentine,Loveless,Classic,#N/A
Converge,Jane Doe,Classic,#N/A
Nina Simone,Pastel Blues,Classic,F
Iron Maiden,The Number Of The Beast,Classic,#N/A
Clipse,Hell Hath No Fury,Classic,#N/A
Joy Division,Unknown Pleasures,Classic,#N/A
Aphex Twin,Selected Ambient Works 85-92,Classic,M
Neutral Milk Hotel,In The Aeroplane Over The Sea,Classic,#N/A
Burial,Untrue,Classic,#N/A
Nirvana,In Utero,Classic,#N/A
Janet Jackson,The Velvet Rope,Classic,F
Prince And The Revolution,Purple Rain,Classic,#N/A
King Crimson,In The Court Of The Crimson King,Classic,#N/A
Tom Waits,Rain Dogs,Classic,M
Dj Shadow,Endtroducing...,Classic,M
Fugazi,Repeater,Classic,#N/A
Ween,Chocolate And Cheese,Classic,#N/A
Kraftwerk,Trans Europe Express,Classic,#N/A
David Bowie,The Rise And Fall Of Ziggy Stardust And The Spiders From Mars,Classic,M
Michael Jackson,Thriller,Classic,M
Johnny Cash,At Folsom Prison,Classic,M
Frank Zappa,Hot Rats,Classic,M
Talking Heads,Remain In Light,Classic,#N/A
Talk Talk,Laughing Stock,Classic,#N/A
My Chemical Romance,The Black Parade,Classic,#N/A
Slint,Spiderland,Classic,#N/A
The Velvet Underground & Nico,The Velvet Underground & Nico,Classic,#N/A
Emperor,In The Nightside Eclipse,Classic,#N/A
Nas,Illmatic,Classic,M
Kate Bush,Hounds Of Love,Classic,F
Daft Punk,Discovery,Classic,#N/A
Madvillain,Madvillainy,Classic,#N/A
The Postal Service,Give Up,Classic,#N/A
Outkast,Atliens,Classic,#N/A
Dead Kennedys,Plasti Surgery Disasters,Classic,#N/A
Patti Smith,Horses,Classic,F
Radiohead,Kid A,Classic,#N/A
Trippie Redd,!,Not Good,M
Future,Hndrxx,Not Good,M
Post Malone,Stoney,Not Good,M
Linkin Park,One More Light,Not Good,#N/A
Nav,Bad Habits,Not Good,M
Logic,Supermarket,Not Good,M
Skillet,Unleashed,Not Good,#N/A
Tove Lo,Lady Wood,Not Good,F
Lil Xan,Total Xanarchy,Not Good,M
Ajr,Neotheater,Not Good,#N/A
The Chainsmokers,Memories... Do Not Open,Not Good,#N/A
Fall Out Boy,Mania,Not Good,#N/A
Lil Baby & Gunna,Drip Harder,Not Good,#N/A
Nav,Reckless,Not Good,M
Trisha Paytas,Showtime,Not Good,F
21 Savage & Metro Boomin,Savage Mode,Not Good,#N/A
Greta Van Fleet,Anthem Of The Peaceful Army,Not Good,#N/A
Xxxtentacion,Bad Vibes Forever,Not Good,M
Desiigner,New English,Not Good,M
Nostalgia Critic,The Wall,Not Good,M
Lil Peep,Come Over When You're Sober Pt. 1,Not Good,M
Ed Sheeran,No.6 Collaborations Project,Not Good,M
Wendy's,We Beefin?,Not Good,#N/A
Imagine Dragons,Origins,Not Good,#N/A
Godsmack,When Legends Rise,Not Good,#N/A
Blink-182,California,Not Good,#N/A
Meshuggah,The Violent Sleep Of Reason,Not Good,#N/A
Dj Khaled,Father Of Asahd,Not Good,M
Brain & Lil Dicky,I'm Brain,Not Good,#N/A
Corey Feldman,Angelic 2 The Core,Not Good,M
Highly Suspect,Mcid,Not Good,#N/A